1,MichaelPaulAnderson,2009/11/15
2,LousieMichaelMartin,1977/09/30
3,AlexRebeccaFitipaldi,1999/08/04
4,SammuelTomHamilton,2010/09/17
5,PaulaMichaelBlack,1988/03/25
6,PaulaKateBahuer,1980/07/22
7,AlexPaulBellamy,1982/02/24
8,RachelMichaelBlack,1986/12/17
9,JaneTomFitipaldi,2009/02/25
10,KateSammuelBlack,1970/07/22
11,PaulaJohnBlack,1994/01/23
12,ChandlerRachelBlack,1977/12/22
13,MichaelJohnMartin,2004/02/23
14,ElisabethJohnAnderson,1993/03/01
15,JaneAlexandraHamilton,1991/06/15
16,LousieKateFitipaldi,1986/11/04
17,PaulaRachelHamilton,1980/03/05
18,DanielKateSkywalker,1998/09/15
19,RachelSammuelBlack,2008/08/07
20,LousieChandlerBahuer,2013/08/22
21,RebeccaLousieBellamy,1970/04/25
22,ElisabethMichaelBahuer,1973/06/01
23,JohnPaulaAnderson,2004/01/15
24,AlexPaulaBahuer,1977/10/17
25,AlexPaulaHamilton,1987/04/13
26,JohnMichaelHamilton,2009/12/12
27,DanielRebeccaBlack,1984/06/22
28,RachelRebeccaFitipaldi,2000/03/06
29,AlexandraMichaelSkywalker,1988/03/25
30,AlexandraKateBahuer,2014/01/11
31,KatePaulaHamilton,2014/12/12
32,PaulaJohnKeating,1998/09/11
33,DanielTomSkywalker,1999/08/05
34,RebeccaPaulMartin,1971/03/04
35,JohnElisabethBrown,1973/02/28
36,RachelMarcusFitipaldi,2006/01/12
37,PaulMichaelKeating,2011/05/03
38,JanePaulFitipaldi,1977/07/16
39,MichaelTomBellamy,1998/09/18
40,ElisabethPaulaBellamy,1997/07/08
41,SamanthaElisabethMartin,1977/10/25
42,PaulaRebeccaBrown,1992/03/17
43,JaneJohnMartin,1971/09/18
44,KateRebeccaAnderson,1990/08/05
45,PaulPaulBellamy,1970/10/16
46,SammuelJaneAnderson,1970/08/23
47,DanielDanielBellamy,1997/02/02
48,SamanthaJohnMartin,1986/05/01
49,ElisabethMichaelSkywalker,2000/02/24
50,RebeccaDanielBahuer,1994/01/22
51,MichaelLousieBellamy,1977/04/07
52,LousieKateBrown,2001/02/13
53,JohnMichaelBlack,2000/02/15
54,SamanthaRebeccaBrown,1981/02/07
55,ElisabethMarcusSkywalker,1981/03/15
56,LousieRachelAnderson,2001/04/15
57,PaulMarcusBellamy,1999/03/31
58,PaulaJohnBahuer,1978/06/11
59,MichaelAlexandraKeating,2001/04/23
60,AlexandraSammuelBahuer,2002/04/30
61,ElisabethPaulAnderson,1983/12/12
62,AlexAlexBellamy,1983/02/22
63,TomRachelBahuer,1979/11/29
64,SamanthaJaneKeating,1996/06/22
65,AlexRebeccaBlack,1986/09/07
66,MichaelRachelBlack,1978/01/25
67,TomKateBahuer,1977/08/26
68,RachelJaneAnderson,2004/03/18
69,ChandlerJohnSkywalker,1991/11/14
70,TomPaulaSkywalker,2000/11/27
71,TomElisabethHamilton,1990/03/22
72,JohnAlexHamilton,1970/12/13
73,TomMichaelAnderson,1982/12/03
74,AlexandraLousieBlack,1998/07/25
75,PaulTomSkywalker,1988/01/17
76,PaulAlexHamilton,2007/10/03
77,PaulaAlexMartin,1976/04/15
78,LousieAlexHamilton,1974/05/09
79,ChandlerLousieBrown,1986/04/14
80,DanielMichaelKeating,1977/09/28
81,AlexandraRebeccaSkywalker,2007/01/26
82,PaulaJaneSkywalker,1998/12/16
83,JohnElisabethKeating,1977/07/19
84,JaneRachelMartin,2003/01/22
85,TomJaneKeating,1981/05/08
86,DanielPaulBlack,1985/02/04
87,RachelMarcusAnderson,1992/05/22
88,AlexElisabethBellamy,1982/08/24
89,ChandlerJaneFitipaldi,2003/03/14
90,AlexDanielFitipaldi,1990/04/01
91,KateLousieAnderson,2014/02/05
92,PaulChandlerKeating,2000/10/26
93,RebeccaElisabethMartin,1993/11/24
94,RebeccaChandlerBellamy,1977/04/24
95,ChandlerJaneFitipaldi,1980/01/19
96,JohnChandlerKeating,1996/09/25
97,MarcusSammuelHamilton,1974/07/05
98,MarcusChandlerBlack,1999/11/21
99,RachelAlexHamilton,1972/09/10
100,ElisabethTomBahuer,1974/11/02
101,SammuelRachelHamilton,1979/11/10
102,JaneJohnBlack,1971/11/07
103,MichaelJohnAnderson,1994/12/17
104,JohnChandlerFitipaldi,1976/08/25
105,PaulElisabethBahuer,2007/10/09
106,SamanthaKateBellamy,1984/11/17
107,PaulAlexandraMartin,2014/07/28
108,RachelSamanthaBahuer,1976/02/25
109,SamanthaRachelMartin,1972/08/19
110,DanielTomMartin,2013/02/04
111,AlexandraSamanthaMartin,2011/10/30
112,KateKateBellamy,1970/11/28
113,PaulaElisabethAnderson,1972/02/13
114,MarcusChandlerBahuer,1992/09/29
115,LousieChandlerFitipaldi,1993/10/06
116,AlexandraChandlerBellamy,2012/11/25
117,RebeccaJohnBahuer,1984/01/01
118,MichaelChandlerHamilton,1991/06/05
119,JaneRebeccaBrown,1983/05/11
120,DanielTomFitipaldi,1974/07/22
121,ChandlerPaulaBahuer,2007/09/07
122,RachelSamanthaHamilton,1978/10/14
123,JohnElisabethBlack,1972/06/14
124,RachelMichaelAnderson,1999/11/13
125,LousieSammuelMartin,1972/07/25
126,LousieAlexandraSkywalker,1988/01/06
127,ChandlerElisabethBahuer,2003/07/05
128,ElisabethAlexandraSkywalker,1994/10/03
129,AlexandraPaulBahuer,1972/07/22
130,KateSammuelKeating,1973/09/19
131,LousieDanielKeating,1980/01/02
132,ElisabethMichaelHamilton,1988/02/18
133,AlexPaulKeating,2011/04/07
134,RebeccaSammuelBellamy,2004/04/27
135,JohnChandlerSkywalker,1997/12/20
136,PaulaMarcusFitipaldi,1975/09/15
137,SamanthaRebeccaBlack,1989/06/07
138,JaneTomSkywalker,2006/11/27
139,RachelTomKeating,2009/01/09
140,TomAlexBahuer,2003/04/23
141,KateJaneBahuer,1987/04/26
142,RebeccaMarcusMartin,1983/12/13
143,AlexandraMarcusFitipaldi,1975/03/11
144,MarcusChandlerFitipaldi,1980/11/22
145,DanielLousieBahuer,1975/01/10
146,PaulMarcusBrown,1986/09/20
147,AlexAlexandraBahuer,1970/03/07
148,RebeccaKateKeating,1979/02/28
149,KatePaulFitipaldi,2005/11/25
150,AlexPaulBahuer,2007/07/23
151,LousiePaulBlack,1985/09/03
152,LousieDanielKeating,1994/08/06
153,RachelRachelAnderson,1979/07/16
154,TomPaulSkywalker,1989/04/06
155,MarcusPaulKeating,1975/05/13
156,MichaelJohnHamilton,1999/03/06
157,TomChandlerKeating,2009/11/21
158,AlexandraSammuelBlack,2011/10/26
159,KateLousieMartin,2014/03/28
160,AlexAlexandraHamilton,2011/01/03
161,MarcusElisabethAnderson,1978/12/21
162,SammuelMarcusBrown,1985/07/28
163,MarcusMichaelBahuer,1980/12/29
164,LousieTomFitipaldi,1971/11/04
165,AlexPaulaSkywalker,2005/02/23
166,SammuelSammuelBrown,1984/04/06
167,RachelSammuelSkywalker,1997/08/29
168,PaulJaneBellamy,1979/01/19
169,RachelDanielHamilton,1974/07/29
170,DanielAlexandraKeating,1985/07/28
171,RachelMarcusAnderson,2008/06/12
172,LousieMichaelFitipaldi,1997/04/27
173,RachelKateBellamy,2013/09/23
174,JaneChandlerBrown,2007/01/15
175,PaulSamanthaSkywalker,1981/07/10
176,LousieSamanthaAnderson,1978/05/09
177,ChandlerPaulKeating,1986/04/14
178,ChandlerMichaelKeating,1973/09/08
179,LousieAlexandraMartin,1970/12/18
180,SamanthaSammuelBlack,1986/08/25
181,RebeccaChandlerBlack,1970/06/04
182,AlexJohnMartin,1986/03/31
183,MichaelMichaelBahuer,1989/08/30
184,SammuelDanielKeating,1999/02/16
185,PaulaPaulBrown,2002/07/01
186,TomLousieAnderson,2001/07/03
187,TomJaneHamilton,1979/08/28
188,MichaelAlexandraBahuer,1993/12/30
189,PaulDanielBahuer,1981/01/26
190,TomMarcusAnderson,1993/08/10
191,DanielRebeccaBahuer,2007/03/09
192,RachelChandlerBlack,1993/06/26
193,PaulPaulHamilton,2014/01/12
194,LousieChandlerHamilton,1991/10/25
195,TomPaulAnderson,1971/11/14
196,MichaelPaulBrown,2003/10/17
197,LousiePaulaSkywalker,1985/09/29
198,LousiePaulaBellamy,2008/01/30
199,AlexandraLousieBahuer,2007/06/29
200,RachelMichaelBellamy,1985/11/16
201,SamanthaDanielBlack,2008/09/17
202,MarcusAlexAnderson,2000/12/28
203,MarcusLousieMartin,2007/06/11
204,AlexPaulBellamy,2012/10/08
205,RachelMarcusMartin,1980/12/01
206,PaulRachelHamilton,1973/11/10
207,JohnKateBlack,2012/06/27
208,ChandlerJohnSkywalker,1987/05/26
209,AlexSammuelAnderson,2004/04/10
210,TomChandlerSkywalker,1972/10/30
211,SammuelLousieBrown,2013/12/16
212,DanielPaulaKeating,1997/12/15
213,AlexandraTomBlack,1990/09/09
214,DanielAlexandraKeating,1976/12/29
215,JaneDanielKeating,2000/06/24
216,RachelPaulBrown,1981/07/17
217,ChandlerChandlerAnderson,2008/11/30
218,LousiePaulSkywalker,1971/09/05
219,ChandlerRachelAnderson,1997/01/12
220,PaulaPaulBlack,1970/07/07
221,PaulaRachelHamilton,2009/12/20
222,AlexKateHamilton,1978/02/12
223,RachelSammuelFitipaldi,2004/10/12
224,AlexChandlerKeating,1981/10/06
225,ElisabethAlexBahuer,1976/08/11
226,SammuelJaneBahuer,1981/04/08
227,PaulaElisabethAnderson,1995/12/24
228,ChandlerLousieAnderson,2006/07/03
229,RachelRebeccaSkywalker,1973/02/18
230,MarcusMichaelBellamy,1970/05/24
231,AlexAlexandraFitipaldi,1991/08/21
232,AlexLousieBrown,1991/07/22
233,SammuelTomAnderson,2001/05/10
234,RachelJohnBahuer,1989/12/17
235,RachelDanielKeating,1989/05/11
236,SammuelChandlerSkywalker,1998/07/27
237,MarcusAlexandraBrown,1988/11/17
238,AlexMarcusBrown,1990/05/01
239,RachelLousieHamilton,1971/05/02
240,JaneSammuelHamilton,1996/12/05
241,PaulSammuelBahuer,1987/10/04
242,JohnSamanthaBrown,1974/06/03
243,MichaelMichaelHamilton,2009/11/14
244,JohnKateBlack,2000/02/06
245,PaulaAlexBahuer,1995/06/22
246,PaulMarcusSkywalker,1983/09/08
247,RebeccaSammuelBahuer,1984/11/18
248,LousiePaulMartin,2004/10/20
249,PaulElisabethBellamy,1992/01/16
250,RebeccaJohnHamilton,1987/12/13
251,MichaelMichaelBahuer,1982/10/27
252,PaulaTomBahuer,2004/05/18
253,JohnLousieBahuer,2001/04/25
254,JaneDanielBahuer,2012/08/23
255,AlexandraTomFitipaldi,2006/12/16
256,AlexandraDanielBrown,2008/03/12
257,AlexandraRachelBahuer,2002/08/17
258,KateTomKeating,1994/07/31
259,RebeccaTomMartin,1978/05/09
260,ElisabethJohnHamilton,1974/02/25
261,ChandlerMichaelMartin,1970/11/22
262,DanielElisabethSkywalker,1985/06/08
263,SammuelSammuelKeating,1993/12/20
264,MichaelSamanthaAnderson,2014/09/20
265,SamanthaLousieSkywalker,1982/01/05
266,AlexChandlerBellamy,1979/09/28
267,AlexJohnBrown,1976/04/29
268,RachelSamanthaFitipaldi,1988/01/01
269,AlexandraSamanthaSkywalker,1976/12/16
270,DanielPaulaHamilton,1997/11/30
271,TomTomBahuer,1996/10/14
272,DanielMarcusBahuer,2013/01/09
273,AlexRachelKeating,2002/08/05
274,AlexandraSammuelHamilton,2013/03/14
275,LousieMichaelMartin,1984/01/27
276,ElisabethAlexAnderson,2014/02/21
277,AlexandraKateMartin,1978/12/26
278,AlexRachelAnderson,2004/02/17
279,LousieAlexandraKeating,1976/07/24
280,MarcusLousieHamilton,1973/07/20
281,AlexandraAlexBrown,2012/08/01
282,AlexandraSamanthaBellamy,2003/03/09
283,SammuelAlexandraBahuer,1980/06/20
284,ChandlerJohnBlack,2012/09/30
285,AlexandraTomHamilton,1977/02/07
286,MarcusTomHamilton,2012/10/13
287,MichaelTomHamilton,1986/09/13
288,PaulElisabethMartin,2000/11/20
289,TomPaulAnderson,1985/06/22
290,LousieKateBahuer,1981/10/23
291,RebeccaChandlerFitipaldi,1982/08/10
292,KateMarcusFitipaldi,2002/11/05
293,AlexAlexandraBrown,1990/06/14
294,ElisabethRebeccaBahuer,1993/07/16
295,DanielKateBlack,1994/04/11
296,AlexandraElisabethKeating,2013/05/02
297,SammuelMarcusSkywalker,1977/02/07
298,RachelAlexandraBlack,1999/02/17
299,AlexandraSamanthaBahuer,2011/09/21
300,SamanthaChandlerMartin,2013/02/13
301,DanielChandlerBahuer,2000/02/24
302,LousieLousieBellamy,2014/09/02
303,ChandlerDanielBrown,1999/03/20
304,PaulAlexandraBlack,1989/03/24
305,TomJaneBrown,1981/12/23
306,SamanthaPaulBahuer,1984/04/15
307,LousiePaulFitipaldi,2005/10/15
308,AlexMichaelKeating,1995/04/05
309,KateAlexandraBrown,1997/07/20
310,SamanthaElisabethBahuer,1995/03/12
311,RachelTomBahuer,1970/07/14
312,KateTomAnderson,1992/03/27
313,MarcusLousieBahuer,1980/08/28
314,KateAlexandraFitipaldi,2001/09/30
315,RebeccaSamanthaBahuer,1978/09/01
316,SammuelAlexHamilton,1977/06/24
317,ChandlerPaulaBellamy,2008/12/01
318,AlexandraChandlerBahuer,2013/04/20
319,PaulRachelHamilton,1983/01/22
320,TomRebeccaFitipaldi,1977/09/20
321,AlexDanielBlack,1970/12/08
322,PaulAlexandraKeating,1983/01/27
323,ElisabethTomKeating,1987/11/10
324,TomAlexKeating,1994/06/22
325,ChandlerPaulaSkywalker,1975/01/25
326,MichaelRebeccaSkywalker,1995/09/04
327,PaulDanielKeating,1989/07/13
328,AlexandraPaulaBahuer,1971/08/06
329,MarcusJohnAnderson,2004/05/09
330,PaulJohnBellamy,2012/10/07
331,SamanthaMichaelBlack,1984/06/10
332,PaulaSamanthaAnderson,2002/05/26
333,ElisabethElisabethHamilton,1984/05/04
334,AlexRachelKeating,1992/03/06
335,PaulJohnBellamy,1973/11/15
336,PaulaChandlerBlack,2012/12/23
337,MichaelSamanthaBrown,1984/01/01
338,MarcusJohnAnderson,2007/05/02
339,TomJaneMartin,2012/03/30
340,JohnSamanthaFitipaldi,1992/01/06
341,TomPaulBlack,2008/08/06
342,JaneChandlerBlack,2010/04/08
343,SammuelTomKeating,2007/05/25
344,LousieMichaelBrown,1989/12/14
345,SamanthaJohnBellamy,2009/01/25
346,JaneMichaelSkywalker,1996/04/18
347,AlexandraAlexHamilton,1977/07/07
348,ChandlerJaneBrown,1982/06/20
349,PaulaSammuelAnderson,1998/08/14
350,TomJohnBahuer,2012/02/24
351,ChandlerRachelBellamy,1997/04/21
352,MichaelLousieBrown,2013/05/19
353,AlexandraJaneAnderson,1991/11/09
354,PaulRachelMartin,1993/12/13
355,JaneDanielSkywalker,1981/05/28
356,SamanthaChandlerFitipaldi,1980/08/06
357,DanielMichaelAnderson,1995/02/04
358,MichaelAlexandraBahuer,2011/06/07
359,DanielMichaelBrown,1983/09/03
360,AlexJohnAnderson,1974/12/20
361,LousieElisabethAnderson,2002/09/06
362,AlexandraKateAnderson,2011/03/17
363,AlexAlexAnderson,2007/02/13
364,KateRebeccaSkywalker,1999/06/21
365,ChandlerRebeccaAnderson,2000/09/20
366,TomMichaelBahuer,1971/09/30
367,MarcusAlexandraBahuer,1974/10/25
368,JanePaulBellamy,2000/11/10
369,SamanthaSamanthaBellamy,2012/07/07
370,ChandlerMichaelAnderson,1997/02/08
371,DanielChandlerBrown,1995/02/08
372,ElisabethLousieBrown,1993/11/10
373,DanielPaulaSkywalker,2011/09/03
374,JohnDanielSkywalker,2005/06/12
375,JohnAlexSkywalker,2008/11/09
376,SamanthaPaulBellamy,1988/08/29
377,TomJaneAnderson,1975/07/11
378,KateMarcusBahuer,2010/12/19
379,PaulaAlexandraBahuer,1979/05/21
380,PaulJohnBlack,2003/04/02
381,JohnMichaelMartin,2005/04/28
382,KateRebeccaKeating,1981/08/20
383,PaulAlexandraAnderson,1985/11/15
384,KateDanielBlack,1970/03/14
385,MichaelMichaelHamilton,2007/08/03
386,RebeccaTomBrown,1974/11/21
387,JohnKateAnderson,2008/02/02
388,PaulMarcusAnderson,1984/03/15
389,PaulSammuelHamilton,1989/04/16
390,DanielTomMartin,1996/03/31
391,SamanthaPaulaSkywalker,2005/02/12
392,PaulKateSkywalker,2010/03/14
393,MarcusAlexBrown,1975/09/05
394,PaulSamanthaBellamy,1997/09/20
395,TomAlexBellamy,1979/12/18
396,SamanthaJaneBellamy,2002/01/11
397,MichaelJohnFitipaldi,1978/10/21
398,MichaelRebeccaBrown,1988/04/29
399,AlexandraLousieFitipaldi,1982/12/19
400,PaulaElisabethHamilton,2014/04/23
401,PaulaElisabethFitipaldi,1995/06/05
402,PaulaJaneAnderson,1998/07/20
403,MarcusSammuelHamilton,2009/01/22
404,AlexandraElisabethKeating,1994/04/18
405,ElisabethLousieBahuer,1982/12/17
406,ElisabethRebeccaBahuer,2002/07/03
407,SammuelPaulBlack,2013/12/04
408,AlexandraMichaelBrown,2003/09/20
409,ChandlerTomBrown,1995/07/28
410,MichaelJohnBahuer,2007/07/11
411,JohnKateBrown,1985/01/05
412,DanielPaulaBlack,1973/09/15
413,TomKateFitipaldi,2012/06/27
414,TomDanielBrown,1999/11/20
415,TomChandlerKeating,1975/12/05
416,KateRebeccaHamilton,1984/07/03
417,PaulaPaulaSkywalker,1996/01/12
418,KatePaulaKeating,2002/10/22
419,SammuelSammuelSkywalker,1971/02/08
420,SamanthaAlexandraKeating,2010/01/12
421,AlexTomFitipaldi,1971/03/01
422,TomTomHamilton,1991/05/24
423,DanielElisabethAnderson,2007/11/30
424,SammuelPaulaHamilton,2004/11/15
425,JaneChandlerFitipaldi,1991/07/07
426,AlexElisabethKeating,1992/02/21
427,PaulaKateSkywalker,2011/02/01
428,PaulaAlexAnderson,2001/02/15
429,AlexKateSkywalker,1998/12/01
430,TomDanielHamilton,2003/10/25
431,JaneJaneAnderson,2002/01/07
432,ElisabethElisabethKeating,1998/04/02
433,DanielLousieAnderson,1976/10/11
434,ChandlerMarcusBahuer,1973/12/12
435,JohnSamanthaMartin,2011/07/28
436,DanielAlexandraBellamy,2003/03/01
437,PaulaJaneFitipaldi,1996/11/10
438,MarcusJaneMartin,1991/05/14
439,PaulKateHamilton,1984/12/27
440,SamanthaLousieHamilton,1980/05/23
441,ElisabethMarcusFitipaldi,1989/03/03
442,MichaelChandlerHamilton,1995/06/19
443,MichaelKateKeating,1990/09/02
444,AlexRachelBlack,1999/11/24
445,AlexandraLousieHamilton,1998/05/29
446,JohnDanielBrown,1973/01/14
447,SammuelAlexandraBahuer,1985/05/07
448,PaulaChandlerBellamy,2002/01/24
449,MarcusChandlerHamilton,1998/04/02
450,JaneSammuelBellamy,1997/05/23
451,SamanthaMarcusKeating,2013/06/23
452,TomKateKeating,1976/05/25
453,ChandlerDanielMartin,1995/11/12
454,DanielSamanthaBahuer,1970/10/21
455,PaulaKateAnderson,1984/06/04
456,PaulJaneMartin,1992/10/05
457,KateMichaelSkywalker,2004/03/22
458,PaulaRachelMartin,1975/07/18
459,ChandlerRebeccaBlack,1985/11/17
460,PaulElisabethFitipaldi,1989/06/30
461,TomRebeccaBellamy,1999/08/26
462,AlexandraJohnHamilton,1971/01/18
463,JaneJohnHamilton,1978/09/27
464,PaulaMichaelBellamy,1980/01/07
465,AlexandraTomBlack,2007/08/27
466,RebeccaSammuelBahuer,1981/06/13
467,DanielChandlerBlack,1977/03/22
468,ElisabethElisabethAnderson,2010/11/14
469,JaneTomSkywalker,1997/04/25
470,LousieElisabethBahuer,1976/06/18
471,JohnLousieBahuer,1983/03/01
472,RachelJohnKeating,1975/03/15
473,PaulaPaulaFitipaldi,2001/01/13
474,PaulaAlexBlack,2001/02/14
475,AlexChandlerKeating,1985/11/24
476,AlexandraRebeccaMartin,2001/03/16
477,RachelPaulaMartin,1970/01/19
478,PaulaSamanthaMartin,1983/04/19
479,MarcusRachelAnderson,1975/05/14
480,MarcusMarcusFitipaldi,2012/06/18
481,ChandlerKateBlack,1981/12/20
482,PaulaMichaelBellamy,1994/09/04
483,JaneLousieBlack,1994/12/30
484,DanielJaneHamilton,1976/11/18
485,ElisabethChandlerBellamy,1989/01/28
486,JohnElisabethFitipaldi,2010/12/01
487,PaulaPaulAnderson,1979/05/27
488,AlexandraAlexandraBlack,1973/11/22
489,PaulaJaneFitipaldi,2005/11/16
490,AlexandraAlexBrown,1971/05/08
491,LousieRebeccaMartin,1991/04/30
492,PaulSammuelAnderson,1972/11/06
493,ChandlerAlexandraFitipaldi,1984/12/18
494,ChandlerDanielKeating,1982/04/10
495,RachelKateFitipaldi,1970/04/02
496,RebeccaRachelHamilton,1988/12/23
497,MarcusRebeccaHamilton,2001/02/06
498,MarcusPaulFitipaldi,1971/11/28
499,RachelDanielSkywalker,1993/11/26
500,RachelJohnHamilton,1992/02/07
501,PaulaAlexandraBellamy,2007/02/28
502,MarcusKateMartin,1997/08/11
503,PaulSamanthaSkywalker,1998/05/25
504,JaneMarcusMartin,2001/03/03
505,JohnElisabethKeating,1982/12/05
506,RebeccaPaulaAnderson,1985/05/09
507,KateMarcusFitipaldi,1984/01/20
508,PaulaAlexBahuer,1999/06/18
509,ElisabethJohnKeating,1973/02/08
510,JaneAlexSkywalker,2008/07/03
511,PaulaAlexAnderson,2006/12/09
512,DanielJohnBrown,1971/12/31
513,RachelDanielKeating,1970/05/24
514,JohnMichaelKeating,1971/01/23
515,DanielJohnFitipaldi,1992/06/23
516,ElisabethLousieBellamy,1974/11/17
517,SamanthaRebeccaFitipaldi,1973/03/11
518,AlexAlexandraMartin,2009/06/14
519,PaulaElisabethBahuer,2013/02/19
520,RebeccaAlexFitipaldi,1987/06/01
521,JohnLousieHamilton,1976/12/11
522,ChandlerRebeccaSkywalker,1986/07/15
523,TomTomFitipaldi,1993/03/01
524,ElisabethAlexBlack,1995/07/29
525,RebeccaTomHamilton,1993/02/06
526,DanielMichaelKeating,2011/07/16
527,AlexandraPaulaKeating,1973/03/16
528,SammuelJohnBrown,2005/02/17
529,ChandlerPaulaSkywalker,1996/10/21
530,AlexandraDanielFitipaldi,1993/05/17
531,RachelRebeccaBellamy,1976/03/29
532,SammuelJohnHamilton,2005/12/30
533,RebeccaSammuelSkywalker,1996/01/16
534,RebeccaAlexandraBellamy,2011/06/30
535,SammuelJaneBahuer,2013/06/21
536,DanielKateBlack,1987/05/08
537,MarcusKateAnderson,1989/04/09
538,AlexSamanthaMartin,1984/01/11
539,ChandlerAlexHamilton,1989/06/19
540,MichaelElisabethKeating,1994/02/20
541,RebeccaElisabethMartin,2009/12/26
542,AlexandraTomSkywalker,2006/02/28
543,ElisabethSamanthaBrown,1974/06/28
544,PaulAlexBlack,1983/01/01
545,RebeccaMarcusBahuer,1996/03/01
546,ChandlerJohnBellamy,1992/12/18
547,SamanthaTomBellamy,1995/02/04
548,RachelPaulaBellamy,1980/09/06
549,KateDanielBellamy,1991/11/26
550,ChandlerMichaelBahuer,1973/04/29
551,ElisabethAlexandraKeating,1972/07/21
552,RebeccaElisabethFitipaldi,2006/04/26
553,DanielJaneBahuer,2007/11/28
554,SammuelChandlerBrown,1988/08/28
555,MarcusMichaelSkywalker,1980/01/15
556,AlexandraTomKeating,1991/05/13
557,RachelSammuelMartin,1980/01/07
558,LousieRebeccaFitipaldi,1972/06/18
559,SamanthaDanielBellamy,1973/04/24
560,TomMarcusSkywalker,2010/06/17
561,PaulSamanthaBellamy,1987/10/23
562,KateMichaelBellamy,2011/03/25
563,DanielMichaelBellamy,2009/05/29
564,AlexRebeccaFitipaldi,2012/07/31
565,AlexPaulBlack,2012/01/16
566,RebeccaJohnMartin,1974/04/08
567,AlexandraRachelBlack,1995/06/25
568,PaulSammuelKeating,1977/01/08
569,AlexPaulaAnderson,2014/05/16
570,AlexandraJohnFitipaldi,2003/05/07
571,AlexKateBrown,2012/02/29
572,RebeccaPaulSkywalker,1984/01/14
573,LousieRachelBahuer,1999/04/18
574,ElisabethJaneSkywalker,1992/09/04
575,TomElisabethKeating,1999/07/13
576,RachelRachelMartin,2011/08/05
577,ChandlerJaneSkywalker,2002/07/10
578,MarcusRachelBlack,1970/04/26
579,LousieRebeccaKeating,1991/02/11
580,LousieMarcusSkywalker,1974/09/30
581,PaulaJaneAnderson,2007/03/01
582,RebeccaSamanthaFitipaldi,1974/02/09
583,LousieJohnKeating,1985/11/08
584,MarcusDanielBrown,1997/07/16
585,AlexandraPaulFitipaldi,2000/10/15
586,MarcusSammuelBlack,1983/10/24
587,AlexandraChandlerBrown,2007/11/28
588,TomJohnSkywalker,1991/04/26
589,ChandlerJohnKeating,2009/09/25
590,MarcusChandlerBahuer,2012/01/07
591,RebeccaElisabethAnderson,2004/09/02
592,LousieMarcusKeating,1996/08/26
593,SamanthaChandlerBahuer,1987/12/22
594,JohnKateBrown,2003/01/20
595,AlexDanielSkywalker,1977/02/20
596,MarcusRachelSkywalker,1995/04/08
597,MarcusMarcusAnderson,1976/02/17
598,JohnLousieBrown,1970/06/08
599,RachelRebeccaSkywalker,1992/10/18
600,SamanthaSammuelFitipaldi,1997/12/25
601,MarcusPaulaBlack,1997/07/25
602,PaulAlexAnderson,1997/05/19
603,JohnTomMartin,1987/09/20
604,PaulMichaelSkywalker,1972/10/20
605,LousieSammuelAnderson,1992/12/11
606,KateJaneBlack,1976/08/29
607,KateJohnBahuer,1983/11/02
608,AlexandraMarcusFitipaldi,1975/09/13
609,SammuelRebeccaBrown,2009/03/21
610,KateTomBlack,1996/04/28
611,RebeccaSammuelKeating,1971/05/10
612,JaneElisabethAnderson,1984/04/06
613,AlexJaneSkywalker,1995/05/13
614,TomRachelKeating,1991/05/04
615,ElisabethRachelHamilton,1976/06/05
616,RebeccaJohnBellamy,1994/08/03
617,KateTomBrown,2003/11/04
618,PaulAlexandraBlack,1987/12/22
619,RachelJaneBahuer,1994/04/02
620,PaulaKateBahuer,1988/02/02
621,SammuelRachelHamilton,1974/06/09
622,LousieMichaelBrown,2010/12/26
623,AlexRebeccaHamilton,1988/01/29
624,SamanthaDanielBellamy,1997/08/13
625,LousieDanielBellamy,2014/11/05
626,JohnAlexandraKeating,2002/03/22
627,RebeccaSamanthaKeating,1993/07/12
628,DanielJohnHamilton,1985/12/17
629,PaulaPaulBrown,1993/09/07
630,SammuelAlexandraBellamy,1997/05/12
631,MarcusElisabethHamilton,2008/12/31
632,PaulaRebeccaBahuer,1985/12/05
633,MarcusPaulaBlack,1982/10/31
634,JaneRachelKeating,2010/09/17
635,ChandlerMichaelBahuer,2011/03/21
636,JanePaulBrown,1972/05/09
637,JaneAlexandraMartin,1993/02/06
638,SamanthaMichaelBahuer,2009/12/02
639,JohnRebeccaFitipaldi,1976/06/21
640,PaulChandlerKeating,1995/04/29
641,PaulRachelHamilton,1981/05/17
642,PaulMarcusBahuer,1987/04/19
643,SamanthaDanielKeating,1974/07/09
644,ElisabethElisabethFitipaldi,1985/12/08
645,AlexandraPaulaKeating,1971/12/06
646,PaulElisabethSkywalker,1991/11/23
647,LousieRachelBrown,1971/08/10
648,RachelSammuelKeating,1972/08/11
649,MarcusSammuelBahuer,1970/05/12
650,RebeccaPaulaFitipaldi,1992/06/27
651,MichaelElisabethAnderson,1984/12/31
652,ChandlerChandlerHamilton,2004/11/17
653,TomKateSkywalker,1999/08/02
654,KateTomFitipaldi,1978/04/01
655,JohnRachelBlack,2014/08/12
656,TomElisabethFitipaldi,2000/02/11
657,JohnChandlerBrown,2006/11/08
658,AlexSammuelSkywalker,1982/09/23
659,SamanthaMarcusBlack,2012/10/08
660,ChandlerKateBellamy,1998/09/17
661,KateJaneBrown,1971/08/31
662,ChandlerPaulaKeating,2014/03/07
663,PaulaAlexBahuer,1989/06/01
664,MichaelLousieSkywalker,2006/03/05
665,PaulaKateBahuer,1973/06/16
666,RebeccaChandlerKeating,1986/01/17
667,PaulRebeccaFitipaldi,2004/09/22
668,SammuelChandlerBrown,1995/02/03
669,MichaelKateBrown,1974/09/24
670,TomAlexandraBellamy,1973/11/01
671,KateRachelAnderson,1993/01/08
672,RachelChandlerBrown,1976/05/06
673,PaulRebeccaAnderson,1983/11/24
674,KateDanielBellamy,2012/01/03
675,JohnMichaelHamilton,1987/04/09
676,ElisabethRachelHamilton,1975/11/30
677,RebeccaChandlerHamilton,1970/04/30
678,JaneAlexandraFitipaldi,1974/01/09
679,MarcusSamanthaSkywalker,2002/10/10
680,AlexAlexandraMartin,1974/10/21
681,SammuelRebeccaMartin,2009/08/06
682,LousieMarcusHamilton,1984/05/02
683,AlexLousieFitipaldi,1983/11/15
684,SamanthaPaulFitipaldi,1972/01/25
685,MarcusSamanthaFitipaldi,1980/04/13
686,MarcusMichaelFitipaldi,1979/11/15
687,LousieKateHamilton,1979/10/26
688,RachelJohnBahuer,1972/06/23
689,MichaelPaulaMartin,2003/01/09
690,ChandlerJaneHamilton,2006/07/21
691,JaneMarcusKeating,2004/01/31
692,DanielMarcusKeating,2012/05/19
693,AlexDanielBellamy,1985/09/06
694,JohnRachelHamilton,1995/06/14
695,PaulMichaelBrown,2014/03/21
696,ElisabethDanielHamilton,1987/08/30
697,LousieJohnBrown,2006/12/31
698,AlexRachelBellamy,1975/01/22
699,ElisabethLousieBrown,1995/09/04
700,SamanthaAlexandraSkywalker,1983/06/10
701,ChandlerPaulaBellamy,2000/01/08
702,AlexSamanthaFitipaldi,1983/11/05
703,RebeccaChandlerBlack,2002/03/13
704,MichaelAlexKeating,1984/01/03
705,TomJaneAnderson,2010/11/04
706,PaulPaulBrown,1982/05/03
707,AlexAlexandraHamilton,2014/01/06
708,KateJaneAnderson,2003/04/29
709,JohnAlexAnderson,2011/09/27
710,AlexElisabethBellamy,1979/12/21
711,MarcusRebeccaBellamy,1984/02/07
712,RebeccaMarcusBahuer,1989/10/13
713,SammuelRachelBellamy,1979/12/01
714,PaulMichaelBahuer,1988/07/31
715,KatePaulaSkywalker,1998/01/29
716,JaneChandlerSkywalker,2004/09/13
717,AlexDanielBlack,1992/04/07
718,AlexRebeccaAnderson,2008/07/30
719,RebeccaJohnBellamy,2001/03/22
720,ChandlerAlexMartin,1995/08/12
721,KateAlexandraBrown,2004/11/05
722,AlexSamanthaSkywalker,1995/06/13
723,AlexTomSkywalker,1971/07/07
724,PaulaElisabethKeating,1985/07/30
725,AlexandraChandlerKeating,1990/10/19
726,AlexChandlerHamilton,2013/04/20
727,JaneSamanthaFitipaldi,1974/07/03
728,ChandlerJaneBlack,2009/11/15
729,SammuelChandlerHamilton,1994/11/09
730,SammuelSamanthaAnderson,2007/10/26
731,RachelAlexandraSkywalker,2008/05/25
732,AlexandraMichaelMartin,1985/07/08
733,SamanthaMarcusKeating,2005/02/10
734,JanePaulBrown,1991/11/14
735,RachelLousieBlack,2013/07/22
736,RebeccaJaneMartin,1984/02/07
737,LousieAlexandraBahuer,1997/12/22
738,RebeccaDanielFitipaldi,2000/05/11
739,KateElisabethBahuer,1979/12/18
740,SammuelSammuelSkywalker,2008/11/25
741,JohnTomBellamy,1972/04/14
742,PaulaMarcusBahuer,1971/07/19
743,JaneMichaelMartin,1970/06/24
744,ElisabethRebeccaMartin,2002/12/19
745,JohnPaulaFitipaldi,1977/01/13
746,TomAlexandraFitipaldi,2006/06/23
747,JohnAlexandraAnderson,2009/10/20
748,TomPaulBrown,1978/08/16
749,PaulaRachelBrown,1983/10/26
750,SamanthaPaulBlack,1978/11/24
751,SamanthaRebeccaBahuer,1997/04/27
752,PaulSammuelKeating,1998/05/31
753,DanielAlexandraBrown,2009/07/06
754,DanielChandlerSkywalker,2001/12/15
755,KateAlexandraBahuer,2006/08/27
756,ElisabethPaulaBahuer,2002/07/11
757,TomSamanthaHamilton,2011/09/14
758,AlexRebeccaAnderson,1999/03/28
759,MarcusTomBrown,2002/02/02
760,SammuelElisabethBlack,1974/08/17
761,AlexSammuelFitipaldi,1979/02/28
762,LousieTomFitipaldi,1972/03/18
763,JohnLousieBlack,1974/12/25
764,JohnRebeccaSkywalker,1978/03/30
765,MichaelChandlerBahuer,1991/08/03
766,AlexandraKateBlack,2005/03/17
767,LousiePaulHamilton,2011/07/25
768,ElisabethPaulHamilton,2000/10/05
769,SamanthaElisabethSkywalker,1975/06/10
770,SammuelMichaelMartin,2013/10/12
771,MichaelSamanthaBahuer,1971/03/04
772,MarcusKateBrown,1998/08/15
773,RachelRebeccaBahuer,2013/07/07
774,KateJohnMartin,1970/02/11
775,LousieAlexandraMartin,2001/01/28
776,MarcusElisabethBahuer,1993/08/03
777,MarcusPaulaHamilton,2008/07/05
778,AlexandraJohnBahuer,1983/08/23
779,AlexLousieMartin,1995/06/23
780,JohnAlexandraMartin,1987/04/03
781,KateAlexandraBrown,1993/12/14
782,KateAlexandraBellamy,1996/11/29
783,SamanthaDanielSkywalker,1993/03/01
784,SamanthaMichaelAnderson,2005/08/24
785,KateTomBahuer,2003/11/15
786,MichaelKateBahuer,1970/03/04
787,MichaelJaneBahuer,1986/04/26
788,ChandlerTomKeating,1983/01/24
789,PaulaMarcusBahuer,2007/01/21
790,PaulaLousieBlack,2011/10/14
791,JaneElisabethFitipaldi,2001/01/28
792,LousieChandlerAnderson,1993/03/01
793,AlexandraRachelBlack,2014/11/26
794,RebeccaPaulaAnderson,1992/11/07
795,MichaelAlexandraFitipaldi,1979/06/30
796,DanielRebeccaAnderson,1975/12/30
797,RebeccaRachelBahuer,2004/03/14
798,DanielLousieBrown,1998/07/08
799,MichaelJaneHamilton,1975/02/19
800,DanielRachelHamilton,2011/07/28
801,AlexChandlerBrown,1979/05/10
802,AlexandraSamanthaBellamy,2010/11/09
803,PaulaPaulMartin,1998/08/09
804,PaulaElisabethSkywalker,1994/11/01
805,PaulaSamanthaAnderson,2002/12/18
806,MarcusElisabethBrown,1991/05/06
807,PaulDanielFitipaldi,1971/06/08
808,LousieElisabethBlack,2007/06/13
809,ElisabethElisabethBlack,2005/11/18
810,MichaelMichaelBlack,1971/07/23
811,AlexSamanthaBahuer,2006/06/13
812,SammuelMichaelBrown,1971/11/12
813,SammuelAlexBlack,1998/08/23
814,JaneRachelAnderson,1981/03/15
815,ElisabethAlexandraBrown,2008/02/27
816,JohnAlexBlack,1971/08/01
817,PaulAlexBahuer,2013/01/05
818,JaneJaneFitipaldi,1983/06/12
819,TomPaulaFitipaldi,2001/11/12
820,RebeccaChandlerHamilton,1978/02/13
821,RebeccaSammuelBahuer,1989/10/10
822,RebeccaKateAnderson,1997/09/05
823,LousieJohnFitipaldi,1995/02/08
824,ElisabethElisabethBlack,2011/08/26
825,DanielRachelBellamy,1989/09/15
826,ElisabethRebeccaBlack,2001/08/14
827,RebeccaMarcusSkywalker,1982/03/31
828,PaulaPaulAnderson,2004/12/14
829,PaulMarcusHamilton,2000/12/17
830,AlexandraRebeccaBrown,1971/07/17
831,KateJohnSkywalker,2004/05/11
832,AlexElisabethBahuer,1994/11/11
833,ChandlerTomBlack,1972/10/13
834,SamanthaJaneBlack,1993/04/04
835,MarcusChandlerKeating,1977/05/27
836,ChandlerRachelMartin,1978/08/04
837,TomLousieKeating,1973/01/03
838,PaulaElisabethFitipaldi,2013/12/14
839,LousieRebeccaKeating,1976/11/27
840,AlexandraSamanthaBellamy,1993/02/27
841,PaulaAlexandraSkywalker,1983/07/30
842,AlexandraKateAnderson,2011/06/20
843,MichaelMichaelFitipaldi,1971/04/08
844,KateDanielFitipaldi,2010/08/06
845,JohnRebeccaBrown,1990/05/09
846,JanePaulaBellamy,2000/07/11
847,MichaelMarcusKeating,1999/07/02
848,JohnAlexandraBrown,2009/11/14
849,TomMarcusMartin,2013/12/26
850,RachelLousieBahuer,2003/05/23
851,SammuelMichaelBrown,1973/06/13
852,RebeccaElisabethSkywalker,1992/04/22
853,JohnSammuelMartin,1975/01/24
854,DanielKateBrown,1990/01/25
855,SammuelSamanthaBlack,1978/06/05
856,TomSamanthaBellamy,1971/04/20
857,AlexandraPaulaAnderson,2009/08/05
858,JaneAlexandraBahuer,2010/09/29
859,AlexRachelFitipaldi,1973/03/09
860,ElisabethTomKeating,2009/10/02
861,DanielAlexandraBlack,1984/01/23
862,MichaelJaneBlack,1988/11/05
863,TomJaneBrown,1995/10/06
864,LousieAlexandraAnderson,2012/09/26
865,MarcusRebeccaBahuer,1993/07/08
866,JohnKateAnderson,1977/09/08
867,ChandlerSammuelAnderson,1972/05/19
868,KateRebeccaBahuer,2013/04/27
869,SamanthaTomKeating,1972/08/08
870,RachelAlexSkywalker,1976/07/19
871,ElisabethMarcusMartin,1979/07/02
872,JaneAlexHamilton,1970/05/11
873,DanielAlexandraBlack,1996/09/02
874,SammuelMichaelBlack,1994/05/02
875,KateMarcusMartin,1993/06/05
876,RebeccaAlexFitipaldi,1979/03/15
877,RachelJaneFitipaldi,1997/03/05
878,RachelMichaelHamilton,1994/07/26
879,MarcusAlexandraSkywalker,1979/08/23
880,JohnKateKeating,2003/04/24
881,AlexandraRachelBlack,2008/04/05
882,SammuelRebeccaAnderson,2001/12/18
883,PaulSamanthaSkywalker,2000/07/13
884,TomLousieMartin,2012/12/16
885,MichaelRebeccaBlack,1997/12/27
886,TomAlexBahuer,2005/08/28
887,MarcusPaulMartin,1996/06/17
888,MichaelAlexandraHamilton,2011/05/08
889,JohnChandlerSkywalker,2008/01/14
890,LousiePaulFitipaldi,2014/02/20
891,SamanthaChandlerSkywalker,1992/06/11
892,SamanthaLousieHamilton,1986/02/03
893,TomAlexandraBlack,1970/08/30
894,PaulChandlerFitipaldi,1988/07/10
895,DanielJohnSkywalker,1996/02/27
896,RebeccaMichaelHamilton,1980/01/31
897,MichaelSammuelBrown,1995/06/08
898,SammuelPaulaAnderson,1984/02/19
899,ChandlerAlexandraMartin,2004/08/21
900,DanielSammuelMartin,1972/01/31
901,AlexLousieSkywalker,2007/12/13
902,KateElisabethSkywalker,1970/03/17
903,LousieMarcusHamilton,1994/07/29
904,MarcusRebeccaMartin,1985/01/09
905,MichaelRachelBahuer,1990/12/08
906,SamanthaMichaelAnderson,1977/04/15
907,AlexandraPaulaBellamy,1974/07/26
908,KateMarcusBellamy,2004/08/16
909,ElisabethJohnBahuer,2014/03/15
910,LousiePaulaSkywalker,1983/08/20
911,KateSammuelBahuer,2001/08/22
912,ChandlerRebeccaBellamy,1989/03/25
913,RebeccaAlexBahuer,1977/01/02
914,RebeccaDanielBahuer,1979/07/12
915,JaneRebeccaBrown,2014/12/13
916,SamanthaLousieAnderson,2002/07/18
917,RachelSamanthaBahuer,1971/01/08
918,SamanthaSamanthaMartin,2006/07/08
919,DanielTomHamilton,1973/01/02
920,DanielSamanthaBahuer,1990/09/26
921,PaulTomMartin,1974/02/28
922,TomJohnMartin,1983/11/18
923,MarcusDanielBahuer,1989/12/16
924,TomSamanthaSkywalker,1978/04/08
925,SammuelSammuelBellamy,1999/04/28
926,PaulaAlexandraKeating,1976/12/22
927,MichaelSammuelMartin,1998/10/15
928,KateKateBrown,1993/07/16
929,MarcusJohnBrown,1992/09/27
930,PaulJohnSkywalker,1999/03/22
931,MichaelPaulBellamy,1971/02/07
932,PaulaKateFitipaldi,2009/01/17
933,ElisabethPaulaBrown,2014/09/06
934,ElisabethChandlerBellamy,1991/02/07
935,KateDanielAnderson,1985/09/25
936,MarcusJaneSkywalker,1975/04/26
937,MichaelChandlerKeating,2003/04/27
938,RachelJohnAnderson,2000/12/20
939,RachelPaulBellamy,2004/11/02
940,ChandlerAlexHamilton,1990/07/12
941,AlexandraRebeccaBahuer,2001/11/30
942,SammuelDanielBellamy,1977/12/03
943,RachelAlexSkywalker,1990/11/27
944,AlexLousieKeating,1999/05/12
945,ChandlerJohnFitipaldi,1999/07/09
946,TomLousieFitipaldi,1978/06/15
947,PaulTomBrown,1978/12/28
948,KateAlexandraSkywalker,1985/08/20
949,ElisabethJaneKeating,2004/02/15
950,PaulTomSkywalker,1995/03/26
951,ChandlerRachelBrown,1980/11/05
952,ChandlerJohnBlack,1974/07/10
953,RachelMarcusFitipaldi,2003/09/07
954,TomSammuelMartin,1979/01/30
955,AlexMichaelBlack,2014/10/16
956,TomJaneHamilton,1980/05/20
957,JaneMichaelBellamy,1984/05/31
958,TomTomBahuer,2004/12/13
959,JaneChandlerSkywalker,1994/05/06
960,ElisabethTomMartin,2003/04/11
961,AlexChandlerHamilton,1975/10/07
962,MichaelMarcusHamilton,1985/09/09
963,ChandlerDanielFitipaldi,1971/04/30
964,MarcusChandlerAnderson,1984/03/06
965,AlexandraAlexAnderson,2012/11/15
966,ElisabethAlexFitipaldi,1970/10/12
967,MarcusPaulBellamy,2006/06/27
968,MarcusSamanthaKeating,1993/01/04
969,PaulPaulaHamilton,1990/01/08
970,MarcusMarcusMartin,2003/07/24
971,AlexandraJohnFitipaldi,1984/02/29
972,DanielPaulaBlack,2014/01/07
973,MarcusLousieSkywalker,2004/04/27
974,ChandlerPaulHamilton,2001/05/18
975,MichaelJaneAnderson,2003/02/15
976,DanielSamanthaHamilton,2012/08/01
977,TomRachelHamilton,1979/02/12
978,RachelDanielHamilton,2006/02/03
979,AlexandraSamanthaSkywalker,1993/06/17
980,MarcusElisabethBellamy,1971/11/19
981,ElisabethAlexSkywalker,2014/01/29
982,LousieMarcusMartin,2010/03/31
983,ChandlerElisabethMartin,1981/04/20
984,PaulLousieBlack,1971/07/19
985,LousieJaneMartin,2007/12/01
986,PaulaPaulaSkywalker,1997/06/11
987,RebeccaPaulaBrown,2002/11/21
988,JohnSamanthaHamilton,1983/11/15
989,JohnAlexSkywalker,2013/07/12
990,MarcusDanielHamilton,1979/01/01
991,AlexandraMarcusBrown,1991/06/15
992,LousieSammuelKeating,2013/10/20
993,JohnRachelBellamy,1997/08/29
994,MichaelKateFitipaldi,1984/06/22
995,AlexLousieBlack,1996/08/15
996,PaulChandlerHamilton,2001/03/15
997,DanielRebeccaBrown,2005/11/21
998,PaulaSammuelAnderson,2007/10/27
999,MarcusPaulaBlack,1985/03/12
1000,JaneKateMartin,2000/04/07
