1,Tom Michael Fitipaldi,1998/09/12
2,Jane Marcus Brown,2003/02/14
3,Tom Marcus Bellamy,1997/05/17
4,Michael Paula Keating,2001/11/03
5,Elisabeth Tom Hamilton,1972/09/04
6,Alex Paula Skywalker,2012/02/03
7,Sammuel Kate Anderson,2003/01/14
8,Elisabeth Samantha Anderson,1982/08/28
9,Paul Elisabeth Hamilton,1983/11/13
10,Samantha Kate Hamilton,2002/10/06
11,Daniel Daniel Anderson,1971/01/30
12,Lousie Paul Fitipaldi,2013/05/16
13,Marcus Tom Bellamy,2002/11/26
14,Alex Paula Black,1991/04/05
15,Alex Sammuel Martin,2013/10/21
16,Kate Daniel Bellamy,1973/09/12
17,Kate Elisabeth Black,1989/01/13
18,Jane John Fitipaldi,1970/10/22
19,Rachel Lousie Keating,1974/07/17
20,Samantha Paula Brown,2003/03/22
21,Chandler Lousie Anderson,1970/11/14
22,Alex Marcus Bellamy,1991/11/02
23,Paula Marcus Anderson,1987/12/22
24,Kate Sammuel Bahuer,1999/03/16
25,Marcus Elisabeth Black,1979/01/26
26,Alexandra Chandler Fitipaldi,1989/10/23
27,John Alex Brown,1979/01/29
28,Elisabeth Chandler Martin,1972/10/02
29,Lousie Alexandra Fitipaldi,2005/11/17
30,Chandler Rebecca Black,1973/08/22
31,Alexandra Elisabeth Skywalker,1999/06/24
32,Michael Lousie Bellamy,1990/01/13
33,Jane Marcus Bellamy,1996/12/17
34,Marcus Paul Skywalker,1990/05/04
35,Kate Daniel Black,1974/05/17
36,Paula Sammuel Martin,1973/01/13
37,Lousie Daniel Brown,2001/07/29
38,Kate Jane Anderson,1997/04/26
39,Lousie John Skywalker,2001/09/22
40,Lousie Chandler Keating,2003/03/19
41,Alex Elisabeth Brown,1970/05/23
42,Alexandra Daniel Brown,2013/07/11
43,Rebecca Alexandra Brown,1979/07/29
44,Tom Paula Bahuer,1993/11/12
45,Rachel Alex Skywalker,1971/07/01
46,Paula Lousie Bahuer,1990/07/02
47,Tom Sammuel Fitipaldi,1985/03/31
48,Sammuel Chandler Black,1985/11/25
49,Alexandra Kate Skywalker,1999/07/30
50,Alexandra Elisabeth Brown,2007/02/12
51,Elisabeth Sammuel Skywalker,2007/06/26
52,Paul Sammuel Martin,1977/01/01
53,John Marcus Fitipaldi,2008/07/03
54,Lousie Jane Martin,1983/04/15
55,Samantha Sammuel Keating,2011/04/03
56,Sammuel Rachel Fitipaldi,1986/11/16
57,Daniel Chandler Fitipaldi,2002/02/20
58,Chandler Alexandra Fitipaldi,2001/12/16
59,Paul Paula Anderson,1994/06/26
60,Rachel Paula Bellamy,2011/01/11
61,Daniel Rachel Martin,2007/08/09
62,Chandler Paula Black,1970/10/09
63,Chandler Sammuel Skywalker,1982/03/10
64,Rachel Alex Martin,1978/05/16
65,Sammuel Daniel Skywalker,1979/10/13
66,Alexandra Rebecca Bahuer,1974/02/17
67,Rachel Michael Martin,1990/06/27
68,Samantha Samantha Fitipaldi,2009/02/07
69,Alex Rachel Black,1982/04/17
70,Rachel Alex Skywalker,2004/04/22
71,Jane Sammuel Martin,1974/05/16
72,Kate Marcus Hamilton,1992/09/22
73,Daniel Tom Martin,1987/05/13
74,Sammuel Samantha Martin,2005/01/05
75,Sammuel Alexandra Fitipaldi,2002/10/29
76,Paul Jane Fitipaldi,2007/10/15
77,Daniel Rachel Bellamy,1994/02/27
78,Samantha Jane Keating,2003/07/31
79,Tom Chandler Hamilton,2010/08/06
80,Elisabeth Chandler Skywalker,2012/01/02
81,Kate Samantha Skywalker,1982/12/29
82,Paul Daniel Anderson,1979/12/27
83,Daniel Paula Martin,1991/09/20
84,Elisabeth Daniel Keating,1980/06/29
85,Lousie Chandler Brown,1980/09/19
86,Samantha Rebecca Skywalker,1972/06/06
87,Sammuel Lousie Keating,2006/04/24
88,Jane Paul Keating,2011/07/11
89,Rachel Elisabeth Brown,2002/02/03
90,Alexandra Paul Fitipaldi,2013/07/28
91,Rebecca Alex Fitipaldi,1981/11/15
92,Samantha Daniel Skywalker,2013/03/13
93,Alex Chandler Skywalker,1975/12/13
94,Michael Alexandra Martin,1979/01/13
95,John Lousie Bahuer,2008/09/22
96,Alexandra Tom Bahuer,1992/09/05
97,John Daniel Keating,1984/02/16
98,Jane Samantha Black,1983/01/04
99,Rebecca Chandler Brown,1981/07/13
100,Alexandra Michael Black,1973/07/18
101,Samantha Jane Keating,1982/04/16
102,Alexandra Lousie Fitipaldi,1980/02/07
103,Kate Jane Fitipaldi,1992/02/24
104,Lousie Paula Skywalker,2005/02/18
105,Alexandra Lousie Anderson,2014/04/16
106,Kate Alex Fitipaldi,2004/09/24
107,Michael Michael Brown,1989/05/28
108,Jane Marcus Anderson,1971/08/02
109,Marcus Samantha Bellamy,1992/03/18
110,Daniel Jane Keating,2013/01/01
111,Chandler Tom Black,1984/02/22
112,Paul Alex Hamilton,2001/07/26
113,Paul Tom Hamilton,1987/07/16
114,Marcus John Bahuer,1976/11/02
115,Marcus Daniel Hamilton,1986/05/06
116,Alex Lousie Hamilton,1992/07/09
117,Alex Lousie Brown,2001/10/18
118,Chandler Alex Brown,1983/11/21
119,Michael Alexandra Bahuer,2013/09/25
120,Elisabeth Tom Anderson,1983/03/03
121,Sammuel Rachel Skywalker,1986/04/09
122,Sammuel Chandler Hamilton,1990/12/06
123,John Tom Martin,1982/01/18
124,John Daniel Hamilton,1971/12/10
125,Lousie Paul Anderson,1974/11/30
126,Sammuel Rebecca Black,2004/01/19
127,Lousie Sammuel Bellamy,1978/07/03
128,Sammuel Elisabeth Bellamy,2009/08/21
129,Sammuel Samantha Bellamy,1994/08/22
130,Sammuel Paul Skywalker,2007/09/20
131,Tom Chandler Keating,2014/01/28
132,Rebecca Michael Bellamy,1974/08/29
133,John Rebecca Hamilton,2000/02/12
134,Marcus Michael Hamilton,1977/09/29
135,Elisabeth Samantha Skywalker,2009/07/05
136,Marcus Kate Bellamy,1995/04/26
137,Sammuel Michael Bellamy,1976/05/18
138,Chandler Sammuel Keating,1993/03/09
139,Paula Daniel Hamilton,2008/02/23
140,Alexandra Tom Brown,1973/09/01
141,Rebecca Daniel Bahuer,1997/07/20
142,Michael Lousie Brown,2011/09/09
143,Elisabeth Sammuel Keating,1978/04/07
144,Alexandra Marcus Black,1990/04/06
145,Marcus Samantha Martin,2009/01/01
146,Rebecca Tom Bellamy,1987/08/16
147,Kate Elisabeth Fitipaldi,1996/01/25
148,Lousie Daniel Keating,2013/03/31
149,Michael Jane Bellamy,2003/01/06
150,Kate Rachel Keating,2005/12/10
151,Samantha Chandler Hamilton,1974/07/09
152,Samantha Alexandra Brown,1981/06/27
153,Michael Kate Anderson,1994/08/12
154,Paula Michael Skywalker,1979/10/01
155,John Marcus Keating,1983/11/28
156,Rachel Sammuel Keating,2001/06/09
157,Alex Chandler Martin,1995/08/31
158,Rachel Elisabeth Bellamy,2000/08/31
159,Alex Jane Black,1986/10/03
160,John Rebecca Martin,1970/11/22
161,Paul Michael Hamilton,2014/06/04
162,John Samantha Fitipaldi,1973/02/17
163,Alex Michael Black,1995/04/24
164,John Rachel Bellamy,1970/08/12
165,Alexandra Alex Brown,1986/03/15
166,Kate John Bellamy,2011/10/28
167,Chandler Chandler Hamilton,2009/01/30
168,Marcus Paul Black,1981/01/04
169,Tom Jane Bellamy,2012/05/31
170,Chandler Paula Anderson,1978/06/20
171,Alex Rebecca Fitipaldi,1987/02/02
172,Elisabeth Michael Brown,1971/10/25
173,Rachel Paul Bellamy,2001/06/07
174,Elisabeth Lousie Fitipaldi,1983/06/03
175,Michael Jane Bellamy,1976/04/08
176,Lousie Jane Skywalker,1990/09/04
177,John Lousie Keating,2001/02/04
178,Sammuel Chandler Skywalker,1993/11/27
179,Alexandra Tom Bellamy,2010/10/15
180,Samantha Lousie Black,2011/11/10
181,Elisabeth Rebecca Black,1970/12/23
182,Sammuel Rachel Bellamy,2014/04/17
183,Alex Daniel Fitipaldi,1981/01/31
184,Alex Elisabeth Black,2007/01/25
185,Tom Tom Brown,1981/04/06
186,Kate Elisabeth Martin,2001/06/24
187,Kate Alex Fitipaldi,2001/07/12
188,Rebecca John Keating,2004/03/11
189,Alexandra John Fitipaldi,2005/12/31
190,Sammuel Tom Anderson,1973/04/23
191,John Jane Brown,2014/05/21
192,Rebecca Michael Bellamy,1999/06/04
193,Tom Sammuel Skywalker,1986/02/25
194,Rachel Sammuel Black,1988/10/26
195,John Sammuel Hamilton,2006/07/17
196,Alexandra Samantha Bellamy,1983/08/01
197,Daniel Marcus Anderson,2000/11/12
198,Michael Marcus Bahuer,1973/12/24
199,Rachel Paula Brown,1975/12/06
200,Paula Lousie Skywalker,1988/09/18
201,Kate Daniel Hamilton,1991/04/26
202,John Alex Brown,2014/02/28
203,Paul Chandler Anderson,1971/12/01
204,Sammuel Sammuel Bahuer,1974/11/28
205,Alexandra Paul Skywalker,2013/07/15
206,Jane Daniel Black,1972/01/08
207,Kate Samantha Anderson,2000/11/04
208,Elisabeth Daniel Fitipaldi,1992/10/07
209,Paula Jane Bahuer,1995/09/30
210,Paula Samantha Keating,1988/03/29
211,Kate Chandler Brown,2002/08/29
212,Marcus Sammuel Keating,2014/11/01
213,Tom Elisabeth Hamilton,1983/08/08
214,Samantha Paula Hamilton,1975/01/05
215,Kate Sammuel Black,1993/12/29
216,Michael Alex Brown,2011/07/21
217,Kate Lousie Anderson,1982/05/03
218,Michael Samantha Keating,1989/11/14
219,Chandler Sammuel Martin,2008/06/19
220,Tom Alexandra Bellamy,2012/12/22
221,Paul Tom Fitipaldi,1980/07/04
222,Sammuel Kate Brown,1975/05/13
223,Alex Chandler Bellamy,1979/10/08
224,Elisabeth Jane Martin,2002/12/21
225,Alexandra John Keating,1980/12/04
226,Elisabeth Elisabeth Bellamy,1977/07/23
227,Paula Rebecca Hamilton,2014/03/28
228,Jane Daniel Skywalker,1973/08/14
229,Lousie Rachel Bahuer,1979/09/07
230,Michael Daniel Hamilton,1995/08/05
231,John Tom Bellamy,1980/07/30
232,Jane Paula Brown,1977/10/11
233,Elisabeth Alex Bellamy,1981/05/07
234,Lousie Kate Fitipaldi,1988/09/27
235,Elisabeth Rebecca Hamilton,1978/10/14
236,Samantha Marcus Keating,1981/08/28
237,Samantha John Bahuer,2013/11/19
238,Paula Marcus Hamilton,2004/05/10
239,Kate Chandler Fitipaldi,1998/08/19
240,Tom Elisabeth Hamilton,2011/06/06
241,Rachel Lousie Bellamy,1983/11/12
242,Paula Daniel Black,2014/01/26
243,Paula Paula Brown,1985/02/01
244,Marcus Alex Skywalker,1981/03/13
245,Paul Paula Anderson,1983/04/30
246,Paula Samantha Brown,1975/04/30
247,Michael Alex Hamilton,1985/04/14
248,Paul Michael Fitipaldi,2010/05/31
249,Samantha Daniel Hamilton,1974/02/20
250,Michael Daniel Black,2004/03/17
251,Sammuel Alex Martin,1995/07/05
252,Alexandra Paula Fitipaldi,1987/08/22
253,Alexandra Chandler Skywalker,1971/08/15
254,Daniel Chandler Bahuer,2008/08/10
255,Samantha John Bellamy,2014/06/30
256,Rachel Michael Anderson,2003/06/09
257,Samantha Jane Skywalker,1997/09/02
258,Rebecca Sammuel Skywalker,2014/10/28
259,Chandler Chandler Bellamy,1975/04/22
260,Elisabeth Rebecca Anderson,1994/11/22
261,Paula Paula Fitipaldi,2008/06/14
262,Sammuel Alexandra Skywalker,2009/05/29
263,Elisabeth Samantha Anderson,1989/07/22
264,Sammuel Paula Brown,1994/02/23
265,Alexandra Rebecca Black,2005/09/02
266,Paul Marcus Black,1999/09/09
267,John Paul Anderson,1985/09/05
268,Samantha Daniel Bellamy,2004/08/14
269,Alexandra Samantha Bellamy,1970/09/05
270,Jane Elisabeth Martin,2002/03/14
271,Elisabeth John Keating,1992/01/19
272,Rebecca Lousie Bahuer,2007/06/10
273,Alexandra John Skywalker,2011/03/28
274,Rebecca Jane Brown,2004/04/01
275,Tom Paula Martin,2010/05/18
276,Lousie Rachel Martin,1982/10/07
277,Rebecca Rachel Hamilton,1978/06/21
278,Paula Alex Skywalker,1985/08/16
279,Paula Samantha Bahuer,1975/08/14
280,Paula Paula Brown,1974/03/16
281,Paula Paul Hamilton,1995/05/23
282,Rachel Daniel Black,1999/04/22
283,Rachel Alex Martin,2002/08/01
284,Rachel Alex Bellamy,1972/12/14
285,Daniel Sammuel Keating,1992/11/28
286,Paul Jane Keating,2009/09/30
287,Marcus Jane Bellamy,2006/04/20
288,Kate Alexandra Brown,1978/04/10
289,Chandler Elisabeth Skywalker,2010/09/08
290,Lousie Alexandra Anderson,1975/10/22
291,Paula John Keating,1988/05/29
292,Samantha Chandler Keating,1987/10/07
293,Chandler Jane Hamilton,2013/01/13
294,Paul Marcus Martin,1970/05/25
295,Alex Marcus Hamilton,1972/11/24
296,Alex Alexandra Martin,1975/09/10
297,Alexandra Kate Brown,1978/07/18
298,Paula Samantha Martin,1981/11/02
299,Paul Paul Fitipaldi,2010/08/29
300,Lousie Chandler Bahuer,2012/04/02
301,Elisabeth Lousie Bahuer,2004/06/25
302,Jane Paul Brown,2009/07/07
303,Marcus Elisabeth Skywalker,1984/11/26
304,Marcus Rachel Hamilton,2013/05/30
305,Sammuel Lousie Anderson,1983/03/26
306,Paula Kate Skywalker,1976/10/21
307,Marcus Jane Bellamy,1997/08/23
308,Jane Samantha Black,1972/08/31
309,Alex John Anderson,2013/03/08
310,Chandler Chandler Brown,1981/02/05
311,Daniel Rachel Fitipaldi,1991/01/02
312,Kate Sammuel Brown,1998/04/10
313,John Tom Anderson,1976/11/26
314,Samantha Paula Hamilton,1987/10/12
315,Daniel Michael Hamilton,2003/01/30
316,Daniel Elisabeth Keating,1988/11/12
317,Alexandra Kate Martin,1991/02/12
318,Elisabeth Lousie Keating,2004/03/03
319,Samantha Jane Martin,1982/10/27
320,Alex Paula Keating,1991/09/25
321,Samantha Marcus Martin,1989/12/20
322,Lousie Rachel Anderson,1977/04/10
323,Jane Jane Martin,2005/11/08
324,Michael Lousie Martin,1992/08/16
325,Paula Daniel Bellamy,1989/07/11
326,Elisabeth Samantha Bahuer,1988/09/24
327,Kate Tom Brown,2000/12/28
328,Daniel Paul Fitipaldi,1993/12/25
329,Marcus Paula Bellamy,1998/08/17
330,Jane Tom Keating,2002/02/14
331,Paul Rachel Keating,2012/04/09
332,Alexandra Rachel Bellamy,1988/03/21
333,Kate Michael Anderson,1997/06/02
334,Michael Rebecca Keating,1970/08/22
335,Paula Daniel Brown,1971/09/28
336,Marcus Kate Fitipaldi,1993/12/22
337,Samantha Rachel Skywalker,1993/04/30
338,Chandler Kate Fitipaldi,1974/04/05
339,Paul Jane Brown,1981/12/20
340,Lousie Chandler Skywalker,1983/02/11
341,Alexandra Tom Brown,1973/02/02
342,Jane Elisabeth Bahuer,1993/10/13
343,Michael Samantha Brown,1972/02/02
344,Sammuel Samantha Fitipaldi,1981/09/11
345,Marcus Paul Skywalker,1978/11/26
346,Lousie Rachel Martin,2014/02/16
347,John Alexandra Black,1999/04/21
348,John Marcus Skywalker,1992/06/11
349,Michael Lousie Bellamy,1993/07/25
350,Michael Paul Brown,1980/08/08
351,John Paula Skywalker,2003/08/20
352,Tom Rachel Keating,1977/06/26
353,Alex Elisabeth Keating,1992/05/22
354,John Paul Bellamy,2002/03/13
355,Paula Michael Hamilton,1997/09/27
356,Paula Rachel Bellamy,2011/10/28
357,Rachel Daniel Keating,2009/04/26
358,John Daniel Fitipaldi,2011/04/14
359,Alex Paula Anderson,2001/02/28
360,Jane Lousie Anderson,1970/11/27
361,Alex Tom Fitipaldi,1984/08/07
362,Alexandra Tom Keating,2011/07/05
363,Kate Rebecca Skywalker,1975/05/10
364,Rebecca Rebecca Hamilton,2005/10/05
365,Sammuel Chandler Anderson,2000/12/21
366,Kate Paul Skywalker,1980/03/10
367,Samantha Jane Fitipaldi,2013/08/09
368,Alex Tom Anderson,1974/11/30
369,Elisabeth Daniel Brown,2007/05/10
370,Lousie Chandler Brown,1971/05/01
371,Jane Kate Anderson,1972/05/01
372,Paula Paula Brown,1977/12/16
373,Marcus Rebecca Bellamy,2004/08/26
374,Kate Sammuel Black,1991/07/18
375,Kate Sammuel Black,1998/08/04
376,Alex John Anderson,2008/02/07
377,Daniel Rachel Anderson,1995/10/07
378,Rebecca Paula Skywalker,2009/04/10
379,Tom Tom Anderson,1981/03/24
380,Sammuel Jane Keating,1988/09/01
381,Rachel Marcus Bellamy,2001/06/18
382,Chandler Paul Brown,2005/09/19
383,Kate John Skywalker,2009/07/11
384,Sammuel Alexandra Black,2005/11/17
385,Lousie Chandler Bellamy,1978/04/01
386,Samantha Rachel Brown,2005/12/30
387,Elisabeth Jane Bellamy,1975/08/27
388,Tom Tom Hamilton,1971/12/10
389,Daniel Paula Bellamy,2010/07/08
390,Marcus John Martin,1977/08/22
391,Paul Kate Skywalker,1973/05/20
392,Kate Alex Martin,1989/05/03
393,Kate Daniel Martin,2013/02/21
394,Alexandra Rachel Hamilton,1991/01/09
395,Paula Paul Martin,2002/06/09
396,Sammuel Chandler Hamilton,1974/08/30
397,Michael Alexandra Black,2006/09/10
398,Samantha Elisabeth Fitipaldi,2008/03/20
399,Alex Paul Hamilton,1999/03/10
400,Jane Rebecca Martin,1974/05/05
401,Michael Alexandra Fitipaldi,2013/08/30
402,Daniel John Brown,1994/06/15
403,John Lousie Bellamy,2002/02/28
404,Chandler Tom Anderson,1994/10/17
405,Rebecca Chandler Bellamy,1978/01/31
406,Tom Kate Skywalker,1977/02/03
407,Alexandra Rebecca Bellamy,1974/11/28
408,Rebecca Marcus Bahuer,2007/02/18
409,Rebecca Elisabeth Anderson,1974/12/27
410,Elisabeth Kate Brown,1976/11/25
411,Lousie Daniel Bellamy,1993/06/23
412,Marcus Rachel Keating,2005/12/19
413,Kate Alexandra Keating,1995/09/16
414,Daniel Kate Fitipaldi,1987/05/10
415,Samantha Marcus Hamilton,2006/11/12
416,Elisabeth Rebecca Skywalker,2004/07/12
417,Daniel Lousie Bahuer,2008/03/05
418,Elisabeth Paul Bahuer,1987/11/01
419,Sammuel Elisabeth Hamilton,2009/08/05
420,Paul Alex Brown,2005/01/29
421,Alexandra Paul Martin,2002/01/11
422,Alex Kate Brown,2003/06/27
423,Lousie Alexandra Black,1979/08/29
424,Rachel Marcus Keating,1970/07/30
425,Michael Rebecca Keating,1973/03/22
426,Sammuel Samantha Hamilton,2008/10/25
427,Kate Sammuel Skywalker,1970/04/14
428,John Marcus Black,1973/07/26
429,Samantha Chandler Fitipaldi,1981/05/24
430,Elisabeth Michael Anderson,1985/01/26
431,Paul Daniel Keating,1974/03/14
432,Tom Rebecca Fitipaldi,1993/07/30
433,Elisabeth Alex Brown,2007/05/14
434,Tom Chandler Keating,2009/06/08
435,Tom Paul Bahuer,1977/04/02
436,Tom Rebecca Bahuer,2009/03/03
437,Sammuel Lousie Bellamy,2010/08/31
438,Daniel Chandler Bahuer,2001/03/20
439,Kate Chandler Anderson,1985/10/23
440,Elisabeth Rebecca Brown,1990/02/12
441,Chandler Alex Keating,2008/12/17
442,Alex Lousie Hamilton,1973/08/27
443,Kate Kate Bahuer,1973/10/10
444,Sammuel Chandler Fitipaldi,2012/06/22
445,Alex Sammuel Fitipaldi,1979/02/26
446,Tom Tom Anderson,2001/01/01
447,John Marcus Martin,1971/08/28
448,Alex Kate Black,2010/06/12
449,Lousie Tom Black,1997/04/06
450,Jane Samantha Martin,2010/11/06
451,Rebecca Daniel Bahuer,2012/08/28
452,Sammuel Jane Bahuer,2006/06/16
453,Paula Rachel Anderson,1978/05/21
454,Daniel Paula Bahuer,1998/05/20
455,Chandler Samantha Fitipaldi,1980/03/09
456,Marcus Michael Hamilton,2010/05/22
457,Sammuel Paula Brown,2003/03/07
458,Samantha Jane Bahuer,2005/11/19
459,Chandler John Brown,1988/06/22
460,Samantha Michael Skywalker,1994/08/14
461,Chandler Rachel Keating,1987/07/07
462,Alex Alex Martin,2011/01/31
463,Alex Rachel Hamilton,1971/04/13
464,Samantha Jane Black,2006/09/15
465,Rachel Tom Hamilton,1992/06/19
466,Paul Jane Brown,1993/03/02
467,Samantha Sammuel Black,2012/03/29
468,Sammuel Chandler Brown,2010/04/17
469,Paul Alex Hamilton,1988/06/11
470,Alexandra Rachel Martin,1975/01/08
471,Lousie Paula Bellamy,1978/02/24
472,Rachel Alexandra Hamilton,2012/01/09
473,Daniel Sammuel Keating,1982/11/05
474,John Michael Hamilton,1997/03/17
475,Rachel John Brown,1985/07/06
476,Jane Daniel Bahuer,1973/03/18
477,Rebecca Paula Hamilton,2009/01/01
478,Samantha Alexandra Black,1992/08/29
479,Rachel Jane Keating,2005/05/07
480,Tom Paul Skywalker,2007/10/05
481,Jane Elisabeth Black,1995/07/27
482,Daniel John Skywalker,2008/05/25
483,Rachel Chandler Brown,1985/05/11
484,Marcus Rebecca Skywalker,1992/03/23
485,Sammuel Sammuel Bellamy,1972/09/28
486,Rachel Jane Hamilton,1979/02/17
487,Marcus Jane Bellamy,2014/07/18
488,Lousie Alex Bellamy,1978/06/24
489,John Rachel Skywalker,2007/05/07
490,John Rebecca Bahuer,1971/07/10
491,Chandler Michael Bellamy,2004/05/15
492,Sammuel Paul Bellamy,1994/10/05
493,Lousie Alex Black,1994/08/14
494,Chandler Elisabeth Martin,1990/10/15
495,John Lousie Martin,1994/06/29
496,Kate Rebecca Black,1996/02/21
497,Lousie Rebecca Skywalker,1982/05/22
498,Rebecca Daniel Hamilton,2014/10/28
499,Marcus Rebecca Black,1990/10/23
500,Rebecca Jane Hamilton,1977/04/02
501,Rachel Jane Skywalker,2005/10/11
502,Tom Alex Black,1970/05/22
503,Rebecca Daniel Black,1993/11/11
504,Rebecca Daniel Martin,2010/04/25
505,Elisabeth Alex Skywalker,2013/09/20
506,Jane Chandler Keating,1997/07/01
507,Daniel Samantha Keating,1999/04/11
508,Elisabeth Alexandra Skywalker,1982/08/03
509,Paula John Skywalker,2005/03/28
510,Michael Chandler Skywalker,1999/12/20
511,Rebecca Samantha Hamilton,1975/10/18
512,Rachel Elisabeth Brown,2014/01/15
513,Sammuel Rebecca Anderson,1986/05/25
514,Sammuel Jane Fitipaldi,1987/01/07
515,Elisabeth Paula Bellamy,1979/07/29
516,Samantha Alexandra Hamilton,2003/11/28
517,Rachel Paula Hamilton,2004/06/15
518,Daniel Rebecca Anderson,1991/09/24
519,Rebecca Rebecca Brown,1994/04/28
520,Rachel Chandler Martin,1999/11/15
521,Kate Chandler Bellamy,2005/02/12
522,Sammuel Rebecca Hamilton,2007/04/30
523,John Paul Brown,1999/05/29
524,Marcus John Fitipaldi,1991/11/13
525,Sammuel Elisabeth Fitipaldi,1981/07/06
526,Chandler Rebecca Black,2005/05/19
527,John John Black,1981/08/17
528,Alexandra Chandler Black,2000/11/05
529,Sammuel Alexandra Martin,2000/10/15
530,Michael Sammuel Hamilton,2004/11/17
531,Sammuel Lousie Skywalker,1970/06/23
532,Paul Kate Anderson,1971/08/29
533,Jane Marcus Bahuer,1984/01/26
534,Lousie Tom Bahuer,1986/02/16
535,Kate Paula Hamilton,1977/08/17
536,Marcus Rebecca Anderson,2013/11/28
537,Michael Paula Bahuer,1982/05/10
538,Rachel Paula Martin,1980/01/31
539,Jane Alexandra Black,1992/06/10
540,Michael Elisabeth Keating,1987/05/12
541,Chandler Jane Black,1998/08/11
542,Elisabeth Paul Bahuer,2009/02/03
543,Chandler Paul Hamilton,1978/09/30
544,Michael Sammuel Black,1981/03/23
545,Tom Michael Bellamy,1992/06/21
546,Sammuel Rebecca Brown,2001/10/06
547,Jane Paula Fitipaldi,1976/09/27
548,Sammuel Samantha Fitipaldi,1971/07/13
549,Elisabeth Daniel Keating,1971/03/24
550,Alexandra Tom Fitipaldi,2007/09/01
551,Tom Kate Bahuer,1972/10/08
552,Sammuel Kate Martin,1986/08/15
553,Kate John Black,2001/02/26
554,Kate Samantha Keating,2001/06/16
555,Paula Alexandra Black,1977/09/29
556,Samantha Samantha Anderson,1978/08/06
557,Jane Lousie Hamilton,1984/05/04
558,Jane Elisabeth Anderson,2004/02/06
559,Michael Daniel Black,1973/10/02
560,Jane Samantha Brown,1982/07/24
561,John Sammuel Keating,2004/10/29
562,Alexandra Sammuel Keating,1992/05/22
563,Chandler Sammuel Anderson,1972/07/16
564,Paul Daniel Hamilton,2011/04/27
565,Alexandra Alex Black,1979/03/31
566,Alexandra Rachel Martin,1972/05/18
567,Rebecca Tom Anderson,2013/06/22
568,Paula Paul Bahuer,2004/01/30
569,Paul Sammuel Bellamy,1979/04/10
570,Sammuel Samantha Keating,1973/04/29
571,Lousie Chandler Skywalker,1982/05/24
572,Tom Sammuel Martin,1976/02/28
573,Alexandra Lousie Fitipaldi,1988/11/20
574,Alexandra Paul Black,2005/09/22
575,Alexandra Lousie Martin,1979/12/01
576,John Rebecca Martin,2012/06/25
577,Chandler Chandler Black,1998/10/26
578,Elisabeth Sammuel Keating,1996/09/27
579,Sammuel Rachel Brown,1983/08/07
580,John Lousie Skywalker,2011/02/22
581,Kate John Brown,1999/10/10
582,Alexandra Paula Bahuer,2010/03/06
583,Marcus Chandler Martin,1978/08/02
584,Elisabeth Elisabeth Brown,1988/04/19
585,Samantha Paula Skywalker,2014/04/19
586,Alexandra Kate Skywalker,2010/07/23
587,Chandler Kate Bellamy,1984/06/26
588,John Lousie Black,1995/12/21
589,Michael Paul Brown,1994/06/26
590,Jane Alexandra Bahuer,1973/12/27
591,Michael Alex Hamilton,1988/06/20
592,Marcus Tom Brown,2002/11/24
593,Jane Marcus Fitipaldi,2011/05/29
594,Paula Marcus Black,2010/04/14
595,Jane Paula Anderson,1971/12/03
596,Samantha Marcus Black,1974/03/20
597,Michael Rebecca Black,2003/03/07
598,Kate Tom Brown,1972/10/02
599,Tom Marcus Brown,2008/12/23
600,Sammuel Jane Anderson,1998/07/24
601,Elisabeth Chandler Bellamy,2005/09/21
602,Kate Rebecca Brown,2013/09/12
603,Paul Rebecca Martin,1984/12/18
604,Alexandra Rachel Bahuer,1970/02/22
605,Lousie Paul Black,1982/01/27
606,Rebecca Marcus Brown,1987/11/07
607,Samantha Daniel Anderson,1984/11/16
608,Marcus Rachel Brown,2009/07/23
609,Sammuel Michael Black,1988/04/21
610,Rebecca Tom Martin,1974/06/20
611,Jane Lousie Brown,1990/11/21
612,Alex Samantha Skywalker,1996/01/15
613,Daniel Michael Anderson,2006/07/05
614,Alexandra Jane Fitipaldi,2008/10/28
615,Kate Tom Black,1988/07/12
616,Paula Marcus Anderson,1998/07/31
617,Paul Michael Fitipaldi,1973/04/09
618,Chandler Paul Bahuer,2007/05/07
619,Rebecca Daniel Skywalker,2010/04/23
620,Alex Marcus Keating,2010/12/10
621,Chandler Daniel Martin,2009/05/28
622,Jane Rebecca Anderson,1970/08/07
623,Alexandra Chandler Skywalker,2008/05/29
624,Lousie Michael Black,2009/11/06
625,Sammuel Sammuel Skywalker,1993/10/09
626,Jane Paul Fitipaldi,1979/10/03
627,Paula Daniel Martin,1988/09/07
628,Daniel Sammuel Martin,1990/10/27
629,Samantha Elisabeth Skywalker,2001/06/05
630,Rachel Samantha Skywalker,1980/12/15
631,John Alexandra Fitipaldi,1978/03/21
632,Daniel John Bellamy,1979/05/28
633,Marcus Kate Anderson,2006/05/10
634,John Alexandra Black,2006/04/15
635,Chandler Lousie Brown,2007/04/20
636,Jane John Fitipaldi,1988/06/12
637,Marcus Alex Hamilton,2003/10/24
638,Paula Marcus Hamilton,1981/01/09
639,Rebecca Jane Martin,1973/12/27
640,Michael Sammuel Bellamy,1991/01/11
641,John Chandler Black,1989/05/25
642,Rebecca Jane Skywalker,1990/04/18
643,Sammuel Rachel Keating,1981/03/11
644,Tom Paula Keating,1977/08/18
645,Daniel Lousie Martin,1986/12/19
646,Paul John Skywalker,1982/07/03
647,Daniel Lousie Bellamy,2001/10/30
648,Paul Jane Skywalker,1987/11/24
649,Alexandra Rachel Bahuer,2001/08/09
650,Chandler Chandler Martin,1996/12/11
651,Alexandra John Fitipaldi,2012/02/24
652,Marcus Michael Skywalker,1994/04/16
653,Samantha Paul Brown,1995/03/29
654,Chandler Samantha Skywalker,2001/10/16
655,Rachel Rachel Black,1978/02/24
656,Paula Tom Keating,1998/06/19
657,Alexandra Paul Bahuer,2004/02/17
658,Alex Kate Skywalker,1981/01/08
659,Rachel John Martin,2014/04/02
660,John Chandler Black,1999/08/11
661,Samantha Kate Keating,2006/12/29
662,Sammuel Alexandra Bahuer,1980/04/09
663,Paula Alexandra Keating,1970/03/03
664,John Paula Fitipaldi,2013/06/05
665,Chandler Marcus Fitipaldi,1995/12/23
666,Sammuel Rebecca Martin,1988/09/23
667,Daniel Paula Hamilton,1997/01/23
668,Jane Kate Hamilton,1971/05/27
669,Samantha Paul Martin,1980/01/31
670,Daniel John Brown,2009/02/20
671,Tom Alex Keating,2011/08/19
672,Paula Michael Brown,1996/02/23
673,Chandler Tom Brown,1975/04/11
674,Tom Marcus Fitipaldi,1988/04/25
675,Alex Chandler Hamilton,2005/12/20
676,Kate Michael Black,1985/02/17
677,Chandler Jane Fitipaldi,1976/07/05
678,Lousie Daniel Martin,1997/02/19
679,Rebecca Michael Keating,1984/02/29
680,Paula Marcus Martin,1979/06/09
681,Kate Alex Bahuer,1979/02/12
682,Jane Rachel Skywalker,1988/09/01
683,Jane Jane Bellamy,1984/01/23
684,Chandler Kate Anderson,1970/11/13
685,Lousie Samantha Skywalker,1991/12/04
686,Lousie Rebecca Black,1983/05/05
687,Alexandra Rebecca Bellamy,1997/11/13
688,Marcus Jane Anderson,1975/09/12
689,Lousie John Keating,1995/01/26
690,Alex Rachel Hamilton,1970/09/20
691,Tom Lousie Black,2005/11/26
692,Rebecca Marcus Hamilton,1995/10/11
693,Lousie Rebecca Black,1994/08/01
694,Paula Alexandra Hamilton,1976/05/25
695,Alex Kate Fitipaldi,1970/11/07
696,Michael Alexandra Keating,2010/11/16
697,Chandler Michael Keating,1977/01/14
698,Paula Elisabeth Brown,1983/11/02
699,Alex Rachel Bahuer,1978/06/15
700,Paul Rachel Martin,1983/04/29
701,Chandler Chandler Martin,1990/03/04
702,Jane Elisabeth Black,1974/07/06
703,John Tom Hamilton,1983/02/09
704,Sammuel Paula Hamilton,1982/07/18
705,Sammuel Alex Martin,1974/10/24
706,Jane Elisabeth Martin,1972/05/06
707,Tom John Anderson,1970/05/25
708,Daniel Elisabeth Bahuer,1978/04/28
709,Rebecca Rebecca Martin,2004/12/30
710,Chandler Lousie Martin,1995/10/14
711,Tom Elisabeth Anderson,1988/03/16
712,Jane Lousie Bahuer,2008/08/29
713,Daniel Alexandra Anderson,1999/10/07
714,Chandler Elisabeth Fitipaldi,1986/04/27
715,Paula Paul Hamilton,1989/04/30
716,Kate Michael Keating,1994/06/17
717,Kate Paula Bahuer,1985/11/19
718,Lousie Daniel Martin,2000/02/03
719,Marcus Kate Skywalker,1991/09/24
720,Elisabeth John Hamilton,2002/07/20
721,Daniel Marcus Hamilton,2011/06/26
722,Tom Paul Martin,2010/07/29
723,Alex Paul Anderson,1997/06/17
724,Tom Paul Brown,2009/04/01
725,Lousie Lousie Keating,2003/07/10
726,Elisabeth Michael Skywalker,1982/05/20
727,Paul Alexandra Keating,1990/04/04
728,Rachel Michael Skywalker,1981/11/11
729,Samantha Jane Brown,1973/05/18
730,Alex Rachel Skywalker,1998/02/08
731,Sammuel Samantha Martin,1987/12/02
732,Marcus Chandler Fitipaldi,1972/11/21
733,Alexandra Alex Brown,1971/07/05
734,Rachel Tom Anderson,1972/07/06
735,Michael Lousie Brown,1993/12/29
736,Jane Sammuel Hamilton,1990/11/23
737,Marcus Elisabeth Keating,2004/02/29
738,Sammuel Michael Bellamy,1993/08/30
739,Rachel Daniel Black,1999/11/29
740,Michael Paul Bellamy,2004/06/24
741,Paula Rebecca Martin,2005/12/14
742,Chandler Kate Fitipaldi,1970/04/24
743,Elisabeth Marcus Brown,2012/04/05
744,Kate Daniel Keating,1982/11/24
745,Alexandra Rebecca Brown,1979/06/18
746,Sammuel Elisabeth Anderson,1970/09/04
747,Jane Rachel Keating,2014/04/19
748,Daniel Rebecca Bellamy,1999/12/06
749,Jane Sammuel Martin,1983/05/05
750,Alex Chandler Bahuer,1983/08/13
751,John Sammuel Martin,2013/03/19
752,Paula Kate Keating,1992/06/16
753,Alex Alexandra Bahuer,1990/10/26
754,Samantha Marcus Hamilton,1988/11/19
755,Paul John Bahuer,1990/03/23
756,Samantha Daniel Martin,2005/09/11
757,Rachel Alexandra Keating,1978/12/01
758,Paula Sammuel Brown,1977/05/20
759,Chandler Lousie Keating,1998/06/30
760,John Kate Black,2012/11/05
761,Samantha Sammuel Skywalker,1991/04/06
762,John Paul Fitipaldi,1986/07/29
763,Alexandra Paula Skywalker,2008/06/04
764,Marcus Alex Anderson,1977/09/25
765,Tom Alex Black,1970/03/08
766,Rebecca Alexandra Brown,1989/04/15
767,Jane Samantha Keating,2005/03/11
768,Samantha Rebecca Bellamy,1975/11/29
769,Rebecca Elisabeth Bellamy,1989/10/07
770,John Sammuel Black,1990/05/16
771,Daniel Rachel Keating,1987/10/20
772,Michael Chandler Bahuer,1974/07/24
773,Rachel Jane Bahuer,1998/03/27
774,Tom Rachel Martin,2007/08/20
775,John Elisabeth Skywalker,2007/10/03
776,Alexandra Jane Bellamy,2009/09/28
777,Kate Sammuel Anderson,1980/03/08
778,Elisabeth Alexandra Bellamy,1991/07/15
779,Sammuel Chandler Bellamy,1986/05/11
780,Rachel Paul Keating,1998/02/18
781,Paula Daniel Skywalker,1978/09/05
782,Kate Paula Fitipaldi,1991/12/18
783,Paul Lousie Anderson,1985/06/21
784,Michael Elisabeth Martin,1976/07/31
785,Tom Jane Anderson,2014/05/12
786,Jane Samantha Keating,2000/05/24
787,Lousie Chandler Bellamy,1992/12/21
788,Marcus Elisabeth Bahuer,1988/10/28
789,Samantha Rachel Bahuer,2006/08/09
790,Rebecca Rebecca Brown,2014/08/20
791,Alexandra Elisabeth Keating,1983/08/15
792,Paul Paul Anderson,2003/03/24
793,Paula Marcus Fitipaldi,2006/09/18
794,John Alex Black,1989/02/12
795,John Paula Skywalker,2005/09/04
796,Elisabeth Jane Black,1976/11/19
797,Jane Rachel Hamilton,1999/12/29
798,Elisabeth Marcus Bellamy,1973/07/21
799,Samantha Rebecca Martin,1990/10/16
800,Alexandra Michael Skywalker,1982/07/30
801,John Michael Anderson,2006/03/17
802,Michael Samantha Anderson,1982/03/03
803,Samantha Alex Keating,1970/09/29
804,John Tom Hamilton,2001/08/20
805,Paula Paul Bellamy,1977/04/15
806,Lousie Lousie Brown,1999/05/06
807,Lousie Daniel Skywalker,2004/04/19
808,Michael Rachel Anderson,1993/10/27
809,Daniel Michael Brown,2000/08/22
810,Sammuel Alexandra Keating,1977/02/19
811,Paul Chandler Bellamy,2001/02/09
812,Jane Daniel Fitipaldi,1974/12/19
813,Jane Chandler Bahuer,1972/04/25
814,Rebecca John Black,1991/02/23
815,Rachel Samantha Black,1988/02/09
816,Chandler Elisabeth Martin,2006/09/05
817,Samantha Daniel Brown,1995/10/05
818,Marcus Sammuel Bahuer,1985/12/04
819,Elisabeth Tom Martin,2006/05/13
820,Lousie Paula Skywalker,1977/07/28
821,Alex Paula Fitipaldi,1974/07/21
822,Marcus Kate Martin,1981/04/13
823,Sammuel Michael Hamilton,1993/03/29
824,Sammuel Daniel Bahuer,2010/02/18
825,Marcus Paul Black,1989/01/31
826,Jane Michael Fitipaldi,2006/11/10
827,Lousie John Keating,2008/05/22
828,Chandler John Fitipaldi,1972/09/12
829,Paul Lousie Martin,2014/05/18
830,John Michael Skywalker,2011/03/09
831,Elisabeth Lousie Hamilton,1997/02/28
832,Marcus Alex Fitipaldi,1992/10/31
833,Rebecca Paul Hamilton,1977/12/21
834,Rachel Rachel Keating,1986/03/21
835,Rebecca Rachel Martin,2001/01/11
836,Elisabeth John Keating,1970/04/01
837,Rebecca Alex Brown,1993/04/29
838,Samantha Paula Skywalker,2013/04/27
839,Paul Michael Hamilton,2008/03/29
840,Alexandra Daniel Martin,2006/03/20
841,Paula Rachel Skywalker,1977/07/22
842,Alex Paul Fitipaldi,1981/08/12
843,Rachel Elisabeth Fitipaldi,1997/12/02
844,Rachel Rebecca Anderson,1971/09/06
845,Paula Lousie Black,1981/06/09
846,Marcus Rebecca Bellamy,1979/01/09
847,Kate Paul Skywalker,1998/02/13
848,Sammuel Rebecca Hamilton,1999/02/25
849,Daniel Rachel Martin,1978/02/26
850,Daniel Elisabeth Keating,1977/12/06
851,Lousie Tom Bahuer,1999/07/28
852,Elisabeth Rachel Martin,1972/11/05
853,Michael Chandler Black,2013/04/28
854,Paula Sammuel Keating,2009/09/14
855,Kate Michael Fitipaldi,1997/10/08
856,Sammuel Michael Brown,1975/09/29
857,Jane Kate Anderson,1972/03/16
858,Elisabeth John Bellamy,2011/01/15
859,Rachel John Martin,1996/01/27
860,Rebecca Rebecca Hamilton,1991/06/26
861,Alexandra Paul Keating,1974/08/05
862,Lousie Lousie Anderson,1974/05/23
863,Alex Rachel Bahuer,1997/03/06
864,Rebecca Rachel Fitipaldi,2002/09/07
865,Rachel Lousie Bahuer,1993/11/10
866,Michael Daniel Hamilton,1984/12/30
867,Samantha Marcus Hamilton,1980/01/08
868,Chandler Chandler Anderson,1999/12/18
869,Samantha Rachel Martin,2011/03/12
870,Paula Tom Bahuer,2002/04/29
871,Paula Alexandra Martin,1970/03/28
872,Rebecca Alex Black,1989/08/09
873,Rachel Jane Martin,1985/05/15
874,Michael Paul Anderson,2003/10/30
875,Paul Paula Bellamy,1981/07/21
876,Tom Rebecca Hamilton,1974/10/08
877,Chandler Paula Brown,1975/06/17
878,Rebecca Marcus Martin,1979/10/18
879,Samantha Paula Brown,2009/11/21
880,Tom Daniel Bellamy,2001/10/27
881,Alex Paul Anderson,1982/04/05
882,Paula Tom Bellamy,2012/07/11
883,Rebecca Michael Brown,1997/10/18
884,Rachel Samantha Hamilton,2002/03/30
885,Alex Samantha Fitipaldi,2001/12/22
886,Chandler Michael Bahuer,1978/05/26
887,Lousie Samantha Keating,2004/02/16
888,Kate Lousie Keating,2002/08/07
889,Alex Paula Anderson,2000/12/05
890,Lousie Elisabeth Bellamy,1975/01/25
891,Rebecca Paula Martin,2005/10/02
892,Rebecca Sammuel Brown,1980/06/13
893,Tom Paul Bahuer,2002/09/27
894,Paula Kate Black,1980/01/03
895,Daniel Samantha Keating,1976/04/11
896,John Jane Bahuer,1991/03/01
897,Lousie Michael Fitipaldi,1998/01/14
898,Rebecca Chandler Martin,1984/11/17
899,Rachel Rebecca Hamilton,1990/10/12
900,Samantha Kate Bellamy,1997/12/31
901,Daniel Chandler Keating,2011/04/13
902,Sammuel Marcus Bellamy,1995/06/22
903,Rebecca Alexandra Hamilton,2009/12/05
904,Alexandra Paula Hamilton,2009/12/30
905,Alexandra Rachel Black,2008/01/12
906,Marcus Rebecca Anderson,2008/11/08
907,Paula Marcus Keating,2011/10/18
908,Lousie Alex Bahuer,1971/11/28
909,Alex Michael Anderson,1977/01/21
910,Alexandra Rachel Brown,1992/04/27
911,Marcus Jane Bahuer,1994/09/11
912,John Kate Anderson,1983/07/24
913,Paula Rachel Bellamy,1979/09/22
914,Rachel Alex Bellamy,1981/07/01
915,Rachel Chandler Brown,1970/05/21
916,Chandler Tom Skywalker,2011/07/12
917,Samantha Alexandra Anderson,1977/07/03
918,Sammuel Michael Bellamy,1995/06/12
919,Kate Daniel Keating,1993/11/25
920,Tom Kate Bahuer,1999/10/02
921,Sammuel Kate Black,1970/08/25
922,Tom Chandler Anderson,1973/02/17
923,Marcus Samantha Fitipaldi,2005/03/02
924,Alexandra Alex Martin,1977/11/19
925,Daniel Elisabeth Bahuer,1995/06/23
926,Kate Tom Bahuer,1994/02/27
927,Tom Rachel Brown,2007/10/26
928,Chandler Marcus Martin,1995/05/09
929,Marcus Paula Anderson,2004/09/26
930,Jane Rachel Bellamy,1976/12/30
931,Rachel Alex Skywalker,1974/08/15
932,Kate Jane Keating,2010/07/18
933,Alexandra Michael Keating,1979/04/15
934,Sammuel Elisabeth Hamilton,1994/06/30
935,John Rachel Keating,1987/05/31
936,Rebecca Sammuel Black,1987/12/14
937,Elisabeth Jane Keating,1980/08/03
938,Elisabeth Paula Brown,2007/09/16
939,Tom Tom Bellamy,1992/06/16
940,Daniel Alex Bahuer,1973/11/06
941,Kate Paula Keating,1995/03/09
942,Samantha Daniel Fitipaldi,1980/08/24
943,Lousie Michael Brown,1985/07/27
944,Samantha Lousie Fitipaldi,1996/07/25
945,Alex Michael Skywalker,1976/05/18
946,Lousie Alexandra Skywalker,1985/12/17
947,Paula John Black,1981/01/10
948,Lousie Rachel Skywalker,1983/02/15
949,Paula Daniel Anderson,1993/04/09
950,Daniel Chandler Keating,2000/08/25
951,Elisabeth Tom Hamilton,1984/12/02
952,John Alexandra Bellamy,1987/12/01
953,Sammuel Alex Martin,1980/02/14
954,Kate Tom Bahuer,1986/05/14
955,Daniel Sammuel Skywalker,1993/09/19
956,Paul Michael Bellamy,2013/07/01
957,Jane Tom Martin,2004/12/03
958,Samantha Alexandra Bahuer,1976/01/04
959,Tom Samantha Bahuer,1975/08/31
960,Chandler Tom Martin,1977/11/10
961,Elisabeth Marcus Bahuer,1984/12/31
962,Samantha Marcus Martin,2006/11/19
963,Paula Tom Bellamy,2013/02/22
964,Alexandra Sammuel Brown,2008/10/19
965,Rachel Jane Hamilton,2014/11/29
966,Paula Jane Martin,1975/04/07
967,Kate Kate Hamilton,1981/02/13
968,Daniel Rachel Brown,1977/04/11
969,Alex Michael Fitipaldi,1980/06/16
970,Paul Chandler Anderson,2011/01/22
971,Rebecca Paul Skywalker,2007/10/09
972,Marcus Paul Fitipaldi,1991/03/02
973,Daniel Alex Fitipaldi,1977/11/23
974,Chandler Marcus Fitipaldi,1990/06/05
975,Paula Jane Bellamy,1991/10/12
976,Marcus Paula Keating,2003/02/24
977,Michael Elisabeth Black,1977/03/27
978,Elisabeth Lousie Bahuer,2012/11/13
979,Samantha Rachel Bahuer,1985/02/14
980,Daniel Paula Brown,1992/04/09
981,Kate Rebecca Hamilton,2008/08/31
982,Tom Paul Anderson,2011/12/15
983,Michael Kate Bellamy,2004/06/14
984,Alex Daniel Brown,1988/05/04
985,Daniel Sammuel Hamilton,2006/03/02
986,Michael Alexandra Fitipaldi,2012/01/30
987,Tom Lousie Martin,2006/12/24
988,Elisabeth Alex Fitipaldi,2006/02/21
989,John Lousie Hamilton,1989/06/22
990,Kate Tom Bellamy,2001/10/02
991,John Sammuel Martin,1993/03/31
992,Sammuel Rachel Hamilton,1976/12/04
993,Tom Paul Keating,1991/09/03
994,Jane Rebecca Martin,2013/03/07
995,Paula Rachel Keating,1990/01/30
996,Jane Marcus Martin,1993/05/18
997,Samantha Michael Skywalker,1995/12/04
998,Rebecca Paul Black,1970/10/08
999,Alexandra Elisabeth Keating,2002/04/29
1000,Lousie Marcus Skywalker,1982/11/29
